/*
 Navicat Premium Data Transfer

 Source Server         : tencent
 Source Server Type    : MySQL
 Source Server Version : 80026
 Source Host           : 110.40.188.252:3306
 Source Schema         : cti

 Target Server Type    : MySQL
 Target Server Version : 80026
 File Encoding         : 65001

 Date: 09/12/2021 23:23:40
*/

SET NAMES utf8mb4;
SET FOREIGN_KEY_CHECKS = 0;

-- ----------------------------
-- Table structure for QRTZ_BLOB_TRIGGERS
-- ----------------------------
DROP TABLE IF EXISTS `QRTZ_BLOB_TRIGGERS`;
CREATE TABLE `QRTZ_BLOB_TRIGGERS` (
  `SCHED_NAME` varchar(120) NOT NULL,
  `TRIGGER_NAME` varchar(200) NOT NULL,
  `TRIGGER_GROUP` varchar(200) NOT NULL,
  `BLOB_DATA` blob,
  PRIMARY KEY (`SCHED_NAME`,`TRIGGER_NAME`,`TRIGGER_GROUP`),
  KEY `SCHED_NAME` (`SCHED_NAME`,`TRIGGER_NAME`,`TRIGGER_GROUP`)
) ENGINE=InnoDB DEFAULT CHARSET=utf8mb4 COLLATE=utf8mb4_0900_ai_ci;

-- ----------------------------
-- Records of QRTZ_BLOB_TRIGGERS
-- ----------------------------
BEGIN;
COMMIT;

-- ----------------------------
-- Table structure for QRTZ_CALENDARS
-- ----------------------------
DROP TABLE IF EXISTS `QRTZ_CALENDARS`;
CREATE TABLE `QRTZ_CALENDARS` (
  `SCHED_NAME` varchar(120) NOT NULL,
  `CALENDAR_NAME` varchar(200) NOT NULL,
  `CALENDAR` blob NOT NULL,
  PRIMARY KEY (`SCHED_NAME`,`CALENDAR_NAME`)
) ENGINE=InnoDB DEFAULT CHARSET=utf8mb4 COLLATE=utf8mb4_0900_ai_ci;

-- ----------------------------
-- Records of QRTZ_CALENDARS
-- ----------------------------
BEGIN;
COMMIT;

-- ----------------------------
-- Table structure for QRTZ_CRON_TRIGGERS
-- ----------------------------
DROP TABLE IF EXISTS `QRTZ_CRON_TRIGGERS`;
CREATE TABLE `QRTZ_CRON_TRIGGERS` (
  `SCHED_NAME` varchar(120) NOT NULL,
  `TRIGGER_NAME` varchar(200) NOT NULL,
  `TRIGGER_GROUP` varchar(200) NOT NULL,
  `CRON_EXPRESSION` varchar(120) NOT NULL,
  `TIME_ZONE_ID` varchar(80) DEFAULT NULL,
  PRIMARY KEY (`SCHED_NAME`,`TRIGGER_NAME`,`TRIGGER_GROUP`)
) ENGINE=InnoDB DEFAULT CHARSET=utf8mb4 COLLATE=utf8mb4_0900_ai_ci;

-- ----------------------------
-- Records of QRTZ_CRON_TRIGGERS
-- ----------------------------
BEGIN;
INSERT INTO `QRTZ_CRON_TRIGGERS` VALUES ('cc-quartz', 'TaskJobOfDay', 'cc.quartz', '0 5 0 * * ? *', 'Asia/Shanghai');
INSERT INTO `QRTZ_CRON_TRIGGERS` VALUES ('cc-quartz', 'TaskJobOfHour', 'cc.quartz', '0 0 0/1 * * ?', 'Asia/Shanghai');
INSERT INTO `QRTZ_CRON_TRIGGERS` VALUES ('cc-quartz', 'TaskJobOfMonth', 'cc.quartz', '0 0 1 1 * ?', 'Asia/Shanghai');
INSERT INTO `QRTZ_CRON_TRIGGERS` VALUES ('cc-quartz', 'TaskJobOfSecond', 'cc.quartz', '0/1 * * * * ?', 'Asia/Shanghai');
INSERT INTO `QRTZ_CRON_TRIGGERS` VALUES ('clusteredScheduler', 'TaskJobOfHour', 'cc.quartz', '0 0 0/1 * * ?', 'Asia/Shanghai');
INSERT INTO `QRTZ_CRON_TRIGGERS` VALUES ('clusteredScheduler', 'TaskJobOfSecond', 'cc.quartz', '0/1 * * * * ?', 'Asia/Shanghai');
INSERT INTO `QRTZ_CRON_TRIGGERS` VALUES ('DefaultQuartzScheduler', 'TaskJobOfHour', 'cc.quartz', '0 0 0/1 * * ?', 'Asia/Shanghai');
INSERT INTO `QRTZ_CRON_TRIGGERS` VALUES ('DefaultQuartzScheduler', 'TaskJobOfSecond', 'cc.quartz', '0/2 * * * * ?', 'Asia/Shanghai');
COMMIT;

-- ----------------------------
-- Table structure for QRTZ_FIRED_TRIGGERS
-- ----------------------------
DROP TABLE IF EXISTS `QRTZ_FIRED_TRIGGERS`;
CREATE TABLE `QRTZ_FIRED_TRIGGERS` (
  `SCHED_NAME` varchar(120) NOT NULL,
  `ENTRY_ID` varchar(95) NOT NULL,
  `TRIGGER_NAME` varchar(200) NOT NULL,
  `TRIGGER_GROUP` varchar(200) NOT NULL,
  `INSTANCE_NAME` varchar(200) NOT NULL,
  `FIRED_TIME` bigint NOT NULL,
  `SCHED_TIME` bigint NOT NULL,
  `PRIORITY` int NOT NULL,
  `STATE` varchar(16) NOT NULL,
  `JOB_NAME` varchar(200) DEFAULT NULL,
  `JOB_GROUP` varchar(200) DEFAULT NULL,
  `IS_NONCONCURRENT` varchar(1) DEFAULT NULL,
  `REQUESTS_RECOVERY` varchar(1) DEFAULT NULL,
  PRIMARY KEY (`SCHED_NAME`,`ENTRY_ID`),
  KEY `IDX_QRTZ_FT_TRIG_INST_NAME` (`SCHED_NAME`,`INSTANCE_NAME`),
  KEY `IDX_QRTZ_FT_INST_JOB_REQ_RCVRY` (`SCHED_NAME`,`INSTANCE_NAME`,`REQUESTS_RECOVERY`),
  KEY `IDX_QRTZ_FT_J_G` (`SCHED_NAME`,`JOB_NAME`,`JOB_GROUP`),
  KEY `IDX_QRTZ_FT_JG` (`SCHED_NAME`,`JOB_GROUP`),
  KEY `IDX_QRTZ_FT_T_G` (`SCHED_NAME`,`TRIGGER_NAME`,`TRIGGER_GROUP`),
  KEY `IDX_QRTZ_FT_TG` (`SCHED_NAME`,`TRIGGER_GROUP`)
) ENGINE=InnoDB DEFAULT CHARSET=utf8mb4 COLLATE=utf8mb4_0900_ai_ci;

-- ----------------------------
-- Records of QRTZ_FIRED_TRIGGERS
-- ----------------------------
BEGIN;
INSERT INTO `QRTZ_FIRED_TRIGGERS` VALUES ('cc-quartz', 'VM-0-2-centos16390495946891639049608504', 'TaskJobOfSecond', 'cc.quartz', 'VM-0-2-centos1639049594689', 1639063421015, 1639063422000, 5, 'ACQUIRED', NULL, NULL, '0', '0');
COMMIT;

-- ----------------------------
-- Table structure for QRTZ_JOB_DETAILS
-- ----------------------------
DROP TABLE IF EXISTS `QRTZ_JOB_DETAILS`;
CREATE TABLE `QRTZ_JOB_DETAILS` (
  `SCHED_NAME` varchar(120) NOT NULL,
  `JOB_NAME` varchar(200) NOT NULL,
  `JOB_GROUP` varchar(200) NOT NULL,
  `DESCRIPTION` varchar(250) DEFAULT NULL,
  `JOB_CLASS_NAME` varchar(250) NOT NULL,
  `IS_DURABLE` varchar(1) NOT NULL,
  `IS_NONCONCURRENT` varchar(1) NOT NULL,
  `IS_UPDATE_DATA` varchar(1) NOT NULL,
  `REQUESTS_RECOVERY` varchar(1) NOT NULL,
  `JOB_DATA` blob,
  PRIMARY KEY (`SCHED_NAME`,`JOB_NAME`,`JOB_GROUP`),
  KEY `IDX_QRTZ_J_REQ_RECOVERY` (`SCHED_NAME`,`REQUESTS_RECOVERY`),
  KEY `IDX_QRTZ_J_GRP` (`SCHED_NAME`,`JOB_GROUP`)
) ENGINE=InnoDB DEFAULT CHARSET=utf8mb4 COLLATE=utf8mb4_0900_ai_ci;

-- ----------------------------
-- Records of QRTZ_JOB_DETAILS
-- ----------------------------
BEGIN;
INSERT INTO `QRTZ_JOB_DETAILS` VALUES ('cc-quartz', 'TaskJobOfDay', 'cc.quartz', 'TaskJobOfDay 任务', 'org.zhongweixian.api.quartz.TaskJobOfDay', '1', '0', '0', '1', 0xACED0005737200156F72672E71756172747A2E4A6F62446174614D61709FB083E8BFA9B0CB020000787200266F72672E71756172747A2E7574696C732E537472696E674B65794469727479466C61674D61708208E8C3FBC55D280200015A0013616C6C6F77735472616E7369656E74446174617872001D6F72672E71756172747A2E7574696C732E4469727479466C61674D617013E62EAD28760ACE0200025A000564697274794C00036D617074000F4C6A6176612F7574696C2F4D61703B787000737200116A6176612E7574696C2E486173684D61700507DAC1C31660D103000246000A6C6F6164466163746F724900097468726573686F6C6478703F40000000000010770800000010000000007800);
INSERT INTO `QRTZ_JOB_DETAILS` VALUES ('cc-quartz', 'TaskJobOfHour', 'cc.quartz', 'TaskJobOfHour 任务', 'org.zhongweixian.api.quartz.TaskJobOfHour', '1', '0', '0', '1', 0xACED0005737200156F72672E71756172747A2E4A6F62446174614D61709FB083E8BFA9B0CB020000787200266F72672E71756172747A2E7574696C732E537472696E674B65794469727479466C61674D61708208E8C3FBC55D280200015A0013616C6C6F77735472616E7369656E74446174617872001D6F72672E71756172747A2E7574696C732E4469727479466C61674D617013E62EAD28760ACE0200025A000564697274794C00036D617074000F4C6A6176612F7574696C2F4D61703B787000737200116A6176612E7574696C2E486173684D61700507DAC1C31660D103000246000A6C6F6164466163746F724900097468726573686F6C6478703F40000000000010770800000010000000007800);
INSERT INTO `QRTZ_JOB_DETAILS` VALUES ('cc-quartz', 'TaskJobOfMonth', 'cc.quartz', 'TaskJobOfMonth 任务', 'org.zhongweixian.api.quartz.TaskJobOfMonth', '1', '0', '0', '1', 0xACED0005737200156F72672E71756172747A2E4A6F62446174614D61709FB083E8BFA9B0CB020000787200266F72672E71756172747A2E7574696C732E537472696E674B65794469727479466C61674D61708208E8C3FBC55D280200015A0013616C6C6F77735472616E7369656E74446174617872001D6F72672E71756172747A2E7574696C732E4469727479466C61674D617013E62EAD28760ACE0200025A000564697274794C00036D617074000F4C6A6176612F7574696C2F4D61703B787000737200116A6176612E7574696C2E486173684D61700507DAC1C31660D103000246000A6C6F6164466163746F724900097468726573686F6C6478703F40000000000010770800000010000000007800);
INSERT INTO `QRTZ_JOB_DETAILS` VALUES ('cc-quartz', 'TaskJobOfSecond', 'cc.quartz', 'TaskJobOfSecond 任务', 'org.zhongweixian.api.quartz.TaskJobOfSecond', '1', '0', '0', '1', 0xACED0005737200156F72672E71756172747A2E4A6F62446174614D61709FB083E8BFA9B0CB020000787200266F72672E71756172747A2E7574696C732E537472696E674B65794469727479466C61674D61708208E8C3FBC55D280200015A0013616C6C6F77735472616E7369656E74446174617872001D6F72672E71756172747A2E7574696C732E4469727479466C61674D617013E62EAD28760ACE0200025A000564697274794C00036D617074000F4C6A6176612F7574696C2F4D61703B787000737200116A6176612E7574696C2E486173684D61700507DAC1C31660D103000246000A6C6F6164466163746F724900097468726573686F6C6478703F40000000000010770800000010000000007800);
INSERT INTO `QRTZ_JOB_DETAILS` VALUES ('clusteredScheduler', 'TaskJobOfHour', 'cc.quartz', 'TaskJobOfHour 任务', 'org.zhongweixian.api.quartz.TaskJobOfHour', '1', '0', '0', '1', 0xACED0005737200156F72672E71756172747A2E4A6F62446174614D61709FB083E8BFA9B0CB020000787200266F72672E71756172747A2E7574696C732E537472696E674B65794469727479466C61674D61708208E8C3FBC55D280200015A0013616C6C6F77735472616E7369656E74446174617872001D6F72672E71756172747A2E7574696C732E4469727479466C61674D617013E62EAD28760ACE0200025A000564697274794C00036D617074000F4C6A6176612F7574696C2F4D61703B787000737200116A6176612E7574696C2E486173684D61700507DAC1C31660D103000246000A6C6F6164466163746F724900097468726573686F6C6478703F40000000000010770800000010000000007800);
INSERT INTO `QRTZ_JOB_DETAILS` VALUES ('clusteredScheduler', 'TaskJobOfSecond', 'cc.quartz', 'TaskJobOfSecond 任务', 'org.zhongweixian.api.quartz.TaskJobOfSecond', '1', '0', '0', '1', 0xACED0005737200156F72672E71756172747A2E4A6F62446174614D61709FB083E8BFA9B0CB020000787200266F72672E71756172747A2E7574696C732E537472696E674B65794469727479466C61674D61708208E8C3FBC55D280200015A0013616C6C6F77735472616E7369656E74446174617872001D6F72672E71756172747A2E7574696C732E4469727479466C61674D617013E62EAD28760ACE0200025A000564697274794C00036D617074000F4C6A6176612F7574696C2F4D61703B787000737200116A6176612E7574696C2E486173684D61700507DAC1C31660D103000246000A6C6F6164466163746F724900097468726573686F6C6478703F40000000000010770800000010000000007800);
INSERT INTO `QRTZ_JOB_DETAILS` VALUES ('DefaultQuartzScheduler', 'TaskJobOfHour', 'cc.quartz', 'TaskJobOfHour 任务', 'org.zhongweixian.api.quartz.TaskJobOfHour', '1', '0', '0', '1', 0xACED0005737200156F72672E71756172747A2E4A6F62446174614D61709FB083E8BFA9B0CB020000787200266F72672E71756172747A2E7574696C732E537472696E674B65794469727479466C61674D61708208E8C3FBC55D280200015A0013616C6C6F77735472616E7369656E74446174617872001D6F72672E71756172747A2E7574696C732E4469727479466C61674D617013E62EAD28760ACE0200025A000564697274794C00036D617074000F4C6A6176612F7574696C2F4D61703B787000737200116A6176612E7574696C2E486173684D61700507DAC1C31660D103000246000A6C6F6164466163746F724900097468726573686F6C6478703F40000000000010770800000010000000007800);
INSERT INTO `QRTZ_JOB_DETAILS` VALUES ('DefaultQuartzScheduler', 'TaskJobOfSecond', 'cc.quartz', 'TaskJobOfSecond 任务', 'org.zhongweixian.api.quartz.TaskJobOfSecond', '1', '0', '0', '1', 0xACED0005737200156F72672E71756172747A2E4A6F62446174614D61709FB083E8BFA9B0CB020000787200266F72672E71756172747A2E7574696C732E537472696E674B65794469727479466C61674D61708208E8C3FBC55D280200015A0013616C6C6F77735472616E7369656E74446174617872001D6F72672E71756172747A2E7574696C732E4469727479466C61674D617013E62EAD28760ACE0200025A000564697274794C00036D617074000F4C6A6176612F7574696C2F4D61703B787000737200116A6176612E7574696C2E486173684D61700507DAC1C31660D103000246000A6C6F6164466163746F724900097468726573686F6C6478703F40000000000010770800000010000000007800);
COMMIT;

-- ----------------------------
-- Table structure for QRTZ_LOCKS
-- ----------------------------
DROP TABLE IF EXISTS `QRTZ_LOCKS`;
CREATE TABLE `QRTZ_LOCKS` (
  `SCHED_NAME` varchar(120) NOT NULL,
  `LOCK_NAME` varchar(40) NOT NULL,
  PRIMARY KEY (`SCHED_NAME`,`LOCK_NAME`)
) ENGINE=InnoDB DEFAULT CHARSET=utf8mb4 COLLATE=utf8mb4_0900_ai_ci;

-- ----------------------------
-- Records of QRTZ_LOCKS
-- ----------------------------
BEGIN;
INSERT INTO `QRTZ_LOCKS` VALUES ('cc-quartz', 'STATE_ACCESS');
INSERT INTO `QRTZ_LOCKS` VALUES ('cc-quartz', 'TRIGGER_ACCESS');
INSERT INTO `QRTZ_LOCKS` VALUES ('clusteredScheduler', 'STATE_ACCESS');
INSERT INTO `QRTZ_LOCKS` VALUES ('clusteredScheduler', 'TRIGGER_ACCESS');
INSERT INTO `QRTZ_LOCKS` VALUES ('DefaultQuartzScheduler', 'STATE_ACCESS');
INSERT INTO `QRTZ_LOCKS` VALUES ('DefaultQuartzScheduler', 'TRIGGER_ACCESS');
COMMIT;

-- ----------------------------
-- Table structure for QRTZ_PAUSED_TRIGGER_GRPS
-- ----------------------------
DROP TABLE IF EXISTS `QRTZ_PAUSED_TRIGGER_GRPS`;
CREATE TABLE `QRTZ_PAUSED_TRIGGER_GRPS` (
  `SCHED_NAME` varchar(120) NOT NULL,
  `TRIGGER_GROUP` varchar(200) NOT NULL,
  PRIMARY KEY (`SCHED_NAME`,`TRIGGER_GROUP`)
) ENGINE=InnoDB DEFAULT CHARSET=utf8mb4 COLLATE=utf8mb4_0900_ai_ci;

-- ----------------------------
-- Records of QRTZ_PAUSED_TRIGGER_GRPS
-- ----------------------------
BEGIN;
COMMIT;

-- ----------------------------
-- Table structure for QRTZ_SCHEDULER_STATE
-- ----------------------------
DROP TABLE IF EXISTS `QRTZ_SCHEDULER_STATE`;
CREATE TABLE `QRTZ_SCHEDULER_STATE` (
  `SCHED_NAME` varchar(120) NOT NULL,
  `INSTANCE_NAME` varchar(200) NOT NULL,
  `LAST_CHECKIN_TIME` bigint NOT NULL,
  `CHECKIN_INTERVAL` bigint NOT NULL,
  PRIMARY KEY (`SCHED_NAME`,`INSTANCE_NAME`)
) ENGINE=InnoDB DEFAULT CHARSET=utf8mb4 COLLATE=utf8mb4_0900_ai_ci;

-- ----------------------------
-- Records of QRTZ_SCHEDULER_STATE
-- ----------------------------
BEGIN;
INSERT INTO `QRTZ_SCHEDULER_STATE` VALUES ('cc-quartz', 'localhost1639063323472', 1639063417158, 10000);
INSERT INTO `QRTZ_SCHEDULER_STATE` VALUES ('cc-quartz', 'VM-0-2-centos1639049594689', 1639063422354, 10000);
INSERT INTO `QRTZ_SCHEDULER_STATE` VALUES ('clusteredScheduler', 'localhost1630684716234', 1630684907047, 1000);
INSERT INTO `QRTZ_SCHEDULER_STATE` VALUES ('DefaultQuartzScheduler', 'rlcc141630718230947', 1630727015348, 10000);
INSERT INTO `QRTZ_SCHEDULER_STATE` VALUES ('DefaultQuartzScheduler', 'VM-0-2-centos1630726941990', 1630727000282, 10000);
COMMIT;

-- ----------------------------
-- Table structure for QRTZ_SIMPLE_TRIGGERS
-- ----------------------------
DROP TABLE IF EXISTS `QRTZ_SIMPLE_TRIGGERS`;
CREATE TABLE `QRTZ_SIMPLE_TRIGGERS` (
  `SCHED_NAME` varchar(120) NOT NULL,
  `TRIGGER_NAME` varchar(200) NOT NULL,
  `TRIGGER_GROUP` varchar(200) NOT NULL,
  `REPEAT_COUNT` bigint NOT NULL,
  `REPEAT_INTERVAL` bigint NOT NULL,
  `TIMES_TRIGGERED` bigint NOT NULL,
  PRIMARY KEY (`SCHED_NAME`,`TRIGGER_NAME`,`TRIGGER_GROUP`)
) ENGINE=InnoDB DEFAULT CHARSET=utf8mb4 COLLATE=utf8mb4_0900_ai_ci;

-- ----------------------------
-- Records of QRTZ_SIMPLE_TRIGGERS
-- ----------------------------
BEGIN;
COMMIT;

-- ----------------------------
-- Table structure for QRTZ_SIMPROP_TRIGGERS
-- ----------------------------
DROP TABLE IF EXISTS `QRTZ_SIMPROP_TRIGGERS`;
CREATE TABLE `QRTZ_SIMPROP_TRIGGERS` (
  `SCHED_NAME` varchar(120) NOT NULL,
  `TRIGGER_NAME` varchar(200) NOT NULL,
  `TRIGGER_GROUP` varchar(200) NOT NULL,
  `STR_PROP_1` varchar(512) DEFAULT NULL,
  `STR_PROP_2` varchar(512) DEFAULT NULL,
  `STR_PROP_3` varchar(512) DEFAULT NULL,
  `INT_PROP_1` int DEFAULT NULL,
  `INT_PROP_2` int DEFAULT NULL,
  `LONG_PROP_1` bigint DEFAULT NULL,
  `LONG_PROP_2` bigint DEFAULT NULL,
  `DEC_PROP_1` decimal(13,4) DEFAULT NULL,
  `DEC_PROP_2` decimal(13,4) DEFAULT NULL,
  `BOOL_PROP_1` varchar(1) DEFAULT NULL,
  `BOOL_PROP_2` varchar(1) DEFAULT NULL,
  PRIMARY KEY (`SCHED_NAME`,`TRIGGER_NAME`,`TRIGGER_GROUP`)
) ENGINE=InnoDB DEFAULT CHARSET=utf8mb4 COLLATE=utf8mb4_0900_ai_ci;

-- ----------------------------
-- Records of QRTZ_SIMPROP_TRIGGERS
-- ----------------------------
BEGIN;
COMMIT;

-- ----------------------------
-- Table structure for QRTZ_TRIGGERS
-- ----------------------------
DROP TABLE IF EXISTS `QRTZ_TRIGGERS`;
CREATE TABLE `QRTZ_TRIGGERS` (
  `SCHED_NAME` varchar(120) NOT NULL,
  `TRIGGER_NAME` varchar(200) NOT NULL,
  `TRIGGER_GROUP` varchar(200) NOT NULL,
  `JOB_NAME` varchar(200) NOT NULL,
  `JOB_GROUP` varchar(200) NOT NULL,
  `DESCRIPTION` varchar(250) DEFAULT NULL,
  `NEXT_FIRE_TIME` bigint DEFAULT NULL,
  `PREV_FIRE_TIME` bigint DEFAULT NULL,
  `PRIORITY` int DEFAULT NULL,
  `TRIGGER_STATE` varchar(16) NOT NULL,
  `TRIGGER_TYPE` varchar(8) NOT NULL,
  `START_TIME` bigint NOT NULL,
  `END_TIME` bigint DEFAULT NULL,
  `CALENDAR_NAME` varchar(200) DEFAULT NULL,
  `MISFIRE_INSTR` smallint DEFAULT NULL,
  `JOB_DATA` blob,
  PRIMARY KEY (`SCHED_NAME`,`TRIGGER_NAME`,`TRIGGER_GROUP`),
  KEY `IDX_QRTZ_T_J` (`SCHED_NAME`,`JOB_NAME`,`JOB_GROUP`),
  KEY `IDX_QRTZ_T_JG` (`SCHED_NAME`,`JOB_GROUP`),
  KEY `IDX_QRTZ_T_C` (`SCHED_NAME`,`CALENDAR_NAME`),
  KEY `IDX_QRTZ_T_G` (`SCHED_NAME`,`TRIGGER_GROUP`),
  KEY `IDX_QRTZ_T_STATE` (`SCHED_NAME`,`TRIGGER_STATE`),
  KEY `IDX_QRTZ_T_N_STATE` (`SCHED_NAME`,`TRIGGER_NAME`,`TRIGGER_GROUP`,`TRIGGER_STATE`),
  KEY `IDX_QRTZ_T_N_G_STATE` (`SCHED_NAME`,`TRIGGER_GROUP`,`TRIGGER_STATE`),
  KEY `IDX_QRTZ_T_NEXT_FIRE_TIME` (`SCHED_NAME`,`NEXT_FIRE_TIME`),
  KEY `IDX_QRTZ_T_NFT_ST` (`SCHED_NAME`,`TRIGGER_STATE`,`NEXT_FIRE_TIME`),
  KEY `IDX_QRTZ_T_NFT_MISFIRE` (`SCHED_NAME`,`MISFIRE_INSTR`,`NEXT_FIRE_TIME`),
  KEY `IDX_QRTZ_T_NFT_ST_MISFIRE` (`SCHED_NAME`,`MISFIRE_INSTR`,`NEXT_FIRE_TIME`,`TRIGGER_STATE`),
  KEY `IDX_QRTZ_T_NFT_ST_MISFIRE_GRP` (`SCHED_NAME`,`MISFIRE_INSTR`,`NEXT_FIRE_TIME`,`TRIGGER_GROUP`,`TRIGGER_STATE`)
) ENGINE=InnoDB DEFAULT CHARSET=utf8mb4 COLLATE=utf8mb4_0900_ai_ci;

-- ----------------------------
-- Records of QRTZ_TRIGGERS
-- ----------------------------
BEGIN;
INSERT INTO `QRTZ_TRIGGERS` VALUES ('cc-quartz', 'TaskJobOfDay', 'cc.quartz', 'TaskJobOfDay', 'cc.quartz', 'TaskJobOfDay 任务', 1639065900000, 1638979500000, 5, 'WAITING', 'CRON', 1638283114000, 0, NULL, 0, '');
INSERT INTO `QRTZ_TRIGGERS` VALUES ('cc-quartz', 'TaskJobOfHour', 'cc.quartz', 'TaskJobOfHour', 'cc.quartz', 'TaskJobOfHour 任务', 1639065600000, 1639062000000, 5, 'WAITING', 'CRON', 1638283112000, 0, NULL, 0, '');
INSERT INTO `QRTZ_TRIGGERS` VALUES ('cc-quartz', 'TaskJobOfMonth', 'cc.quartz', 'TaskJobOfMonth', 'cc.quartz', 'TaskJobOfMonth 任务', 1640970000000, 1638291600000, 5, 'WAITING', 'CRON', 1638283116000, 0, NULL, 0, '');
INSERT INTO `QRTZ_TRIGGERS` VALUES ('cc-quartz', 'TaskJobOfSecond', 'cc.quartz', 'TaskJobOfSecond', 'cc.quartz', 'TaskJobOfSecond 任务', 1639063424000, 1639063423000, 5, 'ACQUIRED', 'CRON', 1638283111000, 0, NULL, 0, '');
INSERT INTO `QRTZ_TRIGGERS` VALUES ('clusteredScheduler', 'TaskJobOfHour', 'cc.quartz', 'TaskJobOfHour', 'cc.quartz', 'TaskJobOfHour 任务', 1630688400000, 1630684800000, 5, 'WAITING', 'CRON', 1630684251000, 0, NULL, 0, '');
INSERT INTO `QRTZ_TRIGGERS` VALUES ('clusteredScheduler', 'TaskJobOfSecond', 'cc.quartz', 'TaskJobOfSecond', 'cc.quartz', 'TaskJobOfSecond 任务', 1630684908000, 1630684907000, 5, 'WAITING', 'CRON', 1630684251000, 0, NULL, 0, '');
INSERT INTO `QRTZ_TRIGGERS` VALUES ('DefaultQuartzScheduler', 'TaskJobOfHour', 'cc.quartz', 'TaskJobOfHour', 'cc.quartz', 'TaskJobOfHour 任务', 1630728000000, 1630724400000, 5, 'WAITING', 'CRON', 1630684987000, 0, NULL, 0, '');
INSERT INTO `QRTZ_TRIGGERS` VALUES ('DefaultQuartzScheduler', 'TaskJobOfSecond', 'cc.quartz', 'TaskJobOfSecond', 'cc.quartz', 'TaskJobOfSecond 任务', 1630727016000, 1630727014000, 5, 'WAITING', 'CRON', 1630684987000, 0, NULL, 0, '');
COMMIT;

-- ----------------------------
-- Table structure for cc_admin_account
-- ----------------------------
DROP TABLE IF EXISTS `cc_admin_account`;
CREATE TABLE `cc_admin_account` (
  `id` bigint NOT NULL AUTO_INCREMENT COMMENT 'PK',
  `cts` bigint NOT NULL DEFAULT '0' COMMENT '创建时间',
  `uts` bigint NOT NULL COMMENT '修改时间',
  `company_id` bigint NOT NULL DEFAULT '0' COMMENT '企业ID',
  `username` varchar(50) NOT NULL DEFAULT '' COMMENT '用户名',
  `passwd` varchar(50) NOT NULL DEFAULT '' COMMENT '密码',
  `user_type` int NOT NULL DEFAULT '1' COMMENT '类型',
  `status` int NOT NULL DEFAULT '0' COMMENT '状态',
  PRIMARY KEY (`id`),
  UNIQUE KEY `uniq_username` (`username`)
) ENGINE=InnoDB AUTO_INCREMENT=2 DEFAULT CHARSET=utf8mb4 COLLATE=utf8mb4_0900_ai_ci COMMENT='企业管理员表';

-- ----------------------------
-- Records of cc_admin_account
-- ----------------------------
BEGIN;
INSERT INTO `cc_admin_account` VALUES (1, 1, 1, 1, 'admin', 'q11111111', 1, 1);
COMMIT;

-- ----------------------------
-- Table structure for cc_admin_account_role
-- ----------------------------
DROP TABLE IF EXISTS `cc_admin_account_role`;
CREATE TABLE `cc_admin_account_role` (
  `id` bigint NOT NULL AUTO_INCREMENT COMMENT 'PK',
  `cts` bigint NOT NULL DEFAULT '0' COMMENT '创建时间',
  `uts` bigint NOT NULL DEFAULT '0' COMMENT '修改时间',
  `account_id` bigint NOT NULL DEFAULT '0' COMMENT '账号ID',
  `role_id` bigint NOT NULL DEFAULT '0' COMMENT '角色ID',
  `company_id` bigint NOT NULL DEFAULT '0' COMMENT '企业ID',
  PRIMARY KEY (`id`),
  KEY `idx_acmount_id` (`account_id`)
) ENGINE=InnoDB DEFAULT CHARSET=utf8mb4 COLLATE=utf8mb4_0900_ai_ci COMMENT='账号角色表';

-- ----------------------------
-- Records of cc_admin_account_role
-- ----------------------------
BEGIN;
COMMIT;

-- ----------------------------
-- Table structure for cc_admin_permission
-- ----------------------------
DROP TABLE IF EXISTS `cc_admin_permission`;
CREATE TABLE `cc_admin_permission` (
  `id` bigint NOT NULL AUTO_INCREMENT COMMENT 'PK',
  `cts` bigint NOT NULL DEFAULT '0' COMMENT '创建时间',
  `uts` bigint NOT NULL DEFAULT '0' COMMENT '修改时间',
  `company_id` bigint NOT NULL DEFAULT '0' COMMENT '企业id',
  `permission_name` varchar(255) NOT NULL DEFAULT '' COMMENT '权限名称',
  `permission_url` varchar(255) NOT NULL DEFAULT '' COMMENT '权限URL',
  `parent_id` bigint NOT NULL DEFAULT '0' COMMENT '父权限id',
  `permission_order` int NOT NULL DEFAULT '1' COMMENT '排序',
  `icon` varchar(255) NOT NULL DEFAULT '' COMMENT '图标',
  `is_front` int NOT NULL DEFAULT '1' COMMENT '是否前端权限',
  `is_interface` int NOT NULL DEFAULT '1' COMMENT '是否后端权限',
  `status` int NOT NULL DEFAULT '1',
  `permission_level` int NOT NULL DEFAULT '1' COMMENT '菜单级别',
  PRIMARY KEY (`id`)
) ENGINE=InnoDB DEFAULT CHARSET=utf8mb4 COLLATE=utf8mb4_0900_ai_ci COMMENT='权限表';

-- ----------------------------
-- Records of cc_admin_permission
-- ----------------------------
BEGIN;
COMMIT;

-- ----------------------------
-- Table structure for cc_admin_permission_role
-- ----------------------------
DROP TABLE IF EXISTS `cc_admin_permission_role`;
CREATE TABLE `cc_admin_permission_role` (
  `id` bigint NOT NULL COMMENT 'PK',
  `cts` bigint NOT NULL DEFAULT '0' COMMENT '创建时间',
  `uts` bigint NOT NULL DEFAULT '0' COMMENT '修改时间',
  `role_id` bigint NOT NULL DEFAULT '0' COMMENT '角色ID',
  `permission_id` bigint NOT NULL DEFAULT '0' COMMENT '权限ID',
  `company_id` bigint NOT NULL DEFAULT '0' COMMENT '企业ID',
  PRIMARY KEY (`id`),
  UNIQUE KEY `uniq_role_perm` (`role_id`,`permission_id`)
) ENGINE=InnoDB DEFAULT CHARSET=utf8mb4 COLLATE=utf8mb4_0900_ai_ci COMMENT='权限角色表';

-- ----------------------------
-- Records of cc_admin_permission_role
-- ----------------------------
BEGIN;
COMMIT;

-- ----------------------------
-- Table structure for cc_admin_role
-- ----------------------------
DROP TABLE IF EXISTS `cc_admin_role`;
CREATE TABLE `cc_admin_role` (
  `id` bigint NOT NULL COMMENT 'PK',
  `cts` bigint NOT NULL DEFAULT '0' COMMENT '创建时间',
  `uts` bigint NOT NULL DEFAULT '0' COMMENT '修改时间',
  `company_id` bigint NOT NULL DEFAULT '0' COMMENT '所属企业',
  `role_name` varchar(255) NOT NULL DEFAULT '' COMMENT '角色名称',
  `status` int NOT NULL DEFAULT '1' COMMENT '状态',
  PRIMARY KEY (`id`)
) ENGINE=InnoDB DEFAULT CHARSET=utf8mb4 COLLATE=utf8mb4_0900_ai_ci COMMENT='角色表';

-- ----------------------------
-- Records of cc_admin_role
-- ----------------------------
BEGIN;
COMMIT;

-- ----------------------------
-- Table structure for cc_agent
-- ----------------------------
DROP TABLE IF EXISTS `cc_agent`;
CREATE TABLE `cc_agent` (
  `id` bigint NOT NULL AUTO_INCREMENT COMMENT 'PK',
  `cts` bigint NOT NULL DEFAULT '0' COMMENT '创建时间',
  `uts` bigint NOT NULL DEFAULT '0' COMMENT '修改时间',
  `company_id` bigint NOT NULL DEFAULT '0' COMMENT '企业ID',
  `agent_id` varchar(255) NOT NULL DEFAULT '' COMMENT '坐席工号',
  `agent_key` varchar(255) NOT NULL DEFAULT '' COMMENT '坐席账户',
  `agent_name` varchar(255) NOT NULL DEFAULT '' COMMENT '坐席名称',
  `agent_code` varchar(20) NOT NULL DEFAULT '' COMMENT '坐席分机号',
  `agent_type` int NOT NULL DEFAULT '2' COMMENT '座席类型：1:普通座席；2：班长',
  `passwd` varchar(255) NOT NULL DEFAULT '' COMMENT '座席密码',
  `sip_phone` varchar(255) NOT NULL DEFAULT '' COMMENT '绑定的电话号码',
  `record` int NOT NULL DEFAULT '0' COMMENT '是否录音 0 no 1 yes',
  `group_id` bigint NOT NULL DEFAULT '0' COMMENT '座席主要技能组  不能为空 必填项',
  `after_interval` int NOT NULL DEFAULT '5' COMMENT '话后自动空闲间隔时长',
  `diaplay` varchar(255) NOT NULL DEFAULT '' COMMENT '主叫显号',
  `ring_time` int NOT NULL DEFAULT '10' COMMENT '振铃时长',
  `host` varchar(255) NOT NULL DEFAULT '' COMMENT '登录服务器地址',
  `ext1` varchar(255) NOT NULL DEFAULT '' COMMENT '扩展1',
  `ext2` varchar(255) NOT NULL DEFAULT '' COMMENT '扩展2',
  `ext3` varchar(255) NOT NULL DEFAULT '' COMMENT '扩展3',
  `state` int NOT NULL DEFAULT '0' COMMENT '坐席状态(1:在线,0:不在线)',
  `status` int NOT NULL DEFAULT '1' COMMENT '状态：1 开通，0关闭',
  PRIMARY KEY (`id`) USING BTREE,
  UNIQUE KEY `uniq_agent_key` (`agent_key`,`company_id`) USING BTREE
) ENGINE=InnoDB AUTO_INCREMENT=12 DEFAULT CHARSET=utf8mb3 COMMENT='座席工号表';

-- ----------------------------
-- Records of cc_agent
-- ----------------------------
BEGIN;
INSERT INTO `cc_agent` VALUES (1, 1604503580, 1604503580, 1, '1001', '1001@test', '测试坐席', '1001', 2, '$2a$04$VbPGgx5gXs0ayfIHWNx3oOhYKbmMzMLPJHmBZtwIfIfT4HCGSTmpS', '188899998889', 0, 1, 5, '', 10, ' ', '', '', '', 0, 1);
INSERT INTO `cc_agent` VALUES (2, 1604560158, 1604560158, 1, '1002', '1002@test', '测试2号', '1002', 2, '$2a$04$VbPGgx5gXs0ayfIHWNx3oOhYKbmMzMLPJHmBZtwIfIfT4HCGSTmpS', '188999988887', 0, 1, 5, '', 10, ' ', '', '', '', 0, 1);
INSERT INTO `cc_agent` VALUES (3, 1638195288, 0, 1, 'B001', 'B001@test', 'B001', '', 1, '$2a$04$KUkYLfcMtZqCX.ug9AqDJOsATbJKs4ntyIZ8rb4lsqFr/B4gRsIH2', '', 0, 0, 5, '', 10, '', '', '', '', 0, 1);
INSERT INTO `cc_agent` VALUES (4, 1638195289, 0, 1, 'B002', 'B002@test', 'B002', '', 1, '$2a$04$aCTZ6qBIaM0Sh5z6S0kYDORhhprvmiTKiTtLFm0C.IQ.gSIH9ckiy', '', 0, 0, 5, '', 10, '', '', '', '', 0, 1);
INSERT INTO `cc_agent` VALUES (5, 1638195289, 0, 1, 'B003', 'B003@test', 'B003', '', 1, '$2a$04$FcACHx2NHDJBEUdai00HuuN5omejMFqfLfqg6UYkD92e0diF/PWlC', '', 0, 0, 5, '', 10, '', '', '', '', 0, 1);
INSERT INTO `cc_agent` VALUES (6, 1638195289, 0, 1, 'B004', 'B004@test', 'B004', '', 1, '$2a$04$XGsb1KDSNkXtMNcK1FvjrePsG6qRxab9w2e63a/4sEBLhok2r7IrC', '', 0, 0, 5, '', 10, '', '', '', '', 0, 1);
INSERT INTO `cc_agent` VALUES (7, 1638195289, 0, 1, 'B005', 'B005@test', 'B005', '', 1, '$2a$04$tBfxsK0lZvjEQhryYwcnZ..uwqhyqbXrkjqhtYWaVEPEWMc3fOCsa', '', 0, 0, 5, '', 10, '', '', '', '', 0, 1);
INSERT INTO `cc_agent` VALUES (8, 1638195289, 0, 1, 'B006', 'B006@test', 'B006', '', 1, '$2a$04$Ck2OGm6qZh0mr9bJ9fLVweuj5j7f4ojxdUjBUXjoEJqNADOkZILvu', '', 0, 0, 5, '', 10, '', '', '', '', 0, 1);
INSERT INTO `cc_agent` VALUES (9, 1638195289, 0, 1, 'B007', 'B007@test', 'B007', '', 1, '$2a$04$LnSoJkbTYreYOkoHlgU57OaZwuPCqmEww.VuonvkKA49K6LQ5is6i', '', 0, 0, 5, '', 10, '', '', '', '', 0, 1);
INSERT INTO `cc_agent` VALUES (11, 1638195693, 0, 1, 'D001', 'D001@test', 'D001', '', 1, '$2a$04$MDcppCCPp7Hd9ijAnN17c.2ehFhS93DO1llEHfOZHgLJvFktdtwvy', '', 0, 0, 5, '', 10, '', '', '', '', 0, 1);
COMMIT;

-- ----------------------------
-- Table structure for cc_agent_group
-- ----------------------------
DROP TABLE IF EXISTS `cc_agent_group`;
CREATE TABLE `cc_agent_group` (
  `id` bigint NOT NULL AUTO_INCREMENT COMMENT 'PK',
  `cts` bigint NOT NULL DEFAULT '0' COMMENT '创建时间',
  `uts` bigint NOT NULL DEFAULT '0' COMMENT '修改时间',
  `company_id` bigint NOT NULL DEFAULT '0' COMMENT '企业ID',
  `agent_id` bigint NOT NULL DEFAULT '0' COMMENT '坐席id',
  `group_id` bigint NOT NULL DEFAULT '0' COMMENT '技能组id',
  `status` int NOT NULL DEFAULT '1' COMMENT '状态',
  PRIMARY KEY (`id`) USING BTREE,
  UNIQUE KEY `uniq_agent_group_agent_group` (`group_id`,`agent_id`) USING BTREE
) ENGINE=InnoDB AUTO_INCREMENT=3 DEFAULT CHARSET=utf8mb4 COLLATE=utf8mb4_0900_ai_ci COMMENT='坐席技能组表';

-- ----------------------------
-- Records of cc_agent_group
-- ----------------------------
BEGIN;
INSERT INTO `cc_agent_group` VALUES (1, 1604560158, 1604560158, 1, 1, 1, 1);
INSERT INTO `cc_agent_group` VALUES (2, 1604560158, 1604560158, 1, 2, 1, 1);
COMMIT;

-- ----------------------------
-- Table structure for cc_agent_sip
-- ----------------------------
DROP TABLE IF EXISTS `cc_agent_sip`;
CREATE TABLE `cc_agent_sip` (
  `id` bigint NOT NULL AUTO_INCREMENT,
  `cts` bigint NOT NULL DEFAULT '0',
  `uts` bigint NOT NULL DEFAULT '0',
  `company_id` bigint DEFAULT '0',
  `sip` varchar(32) NOT NULL DEFAULT '',
  `agent_id` bigint NOT NULL DEFAULT '0',
  `sip_pwd` varchar(255) DEFAULT '',
  `status` int NOT NULL DEFAULT '1',
  PRIMARY KEY (`id`),
  KEY `idx_agentsip_agent` (`agent_id`)
) ENGINE=InnoDB AUTO_INCREMENT=13 DEFAULT CHARSET=utf8mb4 COLLATE=utf8mb4_0900_ai_ci COMMENT='sip表';

-- ----------------------------
-- Records of cc_agent_sip
-- ----------------------------
BEGIN;
INSERT INTO `cc_agent_sip` VALUES (1, 1622024375, 1622033134, 1, '871556590425001', 1, '12345678', 1);
INSERT INTO `cc_agent_sip` VALUES (2, 1622072271, 0, 1, '871556519788001', 2, '12345678', 1);
INSERT INTO `cc_agent_sip` VALUES (3, 1638195288, 0, 1, '89001', 3, '', 1);
INSERT INTO `cc_agent_sip` VALUES (4, 1638195289, 0, 1, '89002', 4, '', 1);
INSERT INTO `cc_agent_sip` VALUES (5, 1638195289, 0, 1, '89003', 5, '', 1);
INSERT INTO `cc_agent_sip` VALUES (6, 1638195289, 0, 1, '89004', 6, '', 1);
INSERT INTO `cc_agent_sip` VALUES (7, 1638195289, 0, 1, '89005', 7, '', 1);
INSERT INTO `cc_agent_sip` VALUES (8, 1638195289, 0, 1, '89006', 8, '', 1);
INSERT INTO `cc_agent_sip` VALUES (9, 1638195289, 0, 1, '89007', 9, '', 1);
INSERT INTO `cc_agent_sip` VALUES (11, 1638195693, 0, 1, '89010', 11, '', 1);
INSERT INTO `cc_agent_sip` VALUES (12, 1638931933, 0, 1, '8900001', 0, '12345678', 1);
COMMIT;

-- ----------------------------
-- Table structure for cc_agent_state_log
-- ----------------------------
DROP TABLE IF EXISTS `cc_agent_state_log`;
CREATE TABLE `cc_agent_state_log` (
  `id` bigint NOT NULL AUTO_INCREMENT COMMENT 'PK',
  `cts` bigint NOT NULL DEFAULT '0' COMMENT '创建时间',
  `uts` bigint NOT NULL DEFAULT '0' COMMENT '修改时间',
  `company_id` bigint NOT NULL DEFAULT '0' COMMENT '企业id',
  `group_id` bigint NOT NULL DEFAULT '0' COMMENT '主技能组id',
  `agent_id` bigint NOT NULL DEFAULT '0' COMMENT '坐席id',
  `agent_key` varchar(255) NOT NULL DEFAULT '' COMMENT '坐席编号',
  `agent_name` varchar(255) CHARACTER SET utf8 COLLATE utf8_general_ci NOT NULL DEFAULT '' COMMENT '坐席名称',
  `call_id` bigint NOT NULL DEFAULT '0' COMMENT '通话唯一标识',
  `login_type` int NOT NULL DEFAULT '1' COMMENT '登录类型',
  `work_type` int NOT NULL DEFAULT '1' COMMENT '工作类型',
  `host` varchar(255) NOT NULL DEFAULT '' COMMENT '服务站点',
  `remote_address` varchar(255) NOT NULL DEFAULT '' COMMENT '远端地址',
  `before_state` varchar(50) NOT NULL DEFAULT '' COMMENT '变更之前状态',
  `before_time` bigint NOT NULL DEFAULT '0' COMMENT '更变之前时间',
  `state` varchar(50) NOT NULL DEFAULT '' COMMENT '变更之后状态',
  `state_time` bigint NOT NULL DEFAULT '0' COMMENT '当前时间',
  `duration` int NOT NULL DEFAULT '0' COMMENT '持续时间',
  `busy_desc` varchar(255) NOT NULL DEFAULT '' COMMENT '忙碌类型',
  `status` int NOT NULL DEFAULT '1' COMMENT '状态',
  `ext1` varchar(255) NOT NULL DEFAULT '' COMMENT '扩展字段1',
  `ext2` varchar(255) NOT NULL DEFAULT '' COMMENT '扩展字段2',
  `ext3` varchar(255) NOT NULL DEFAULT '' COMMENT '扩展字段3',
  PRIMARY KEY (`id`) USING BTREE,
  KEY `idx_agentstate_agentkey` (`agent_key`),
  KEY `idx_agentstate_cts` (`state_time`) USING BTREE,
  KEY `idx_agentstate_group_id` (`group_id`) USING BTREE
) ENGINE=InnoDB AUTO_INCREMENT=1037 DEFAULT CHARSET=utf8mb3 COMMENT='坐席状态历史表';

-- ----------------------------
-- Records of cc_agent_state_log
-- ----------------------------
BEGIN;
INSERT INTO `cc_agent_state_log` VALUES (979, 1638894134, 1638894134, 1, 1, 1, '1001@test', '测试坐席', 0, 1, 1, '172.17.0.2:7200', '111.204.179.70:53531', 'LOGOUT', 0, 'LOGIN', 1638894134161, 0, '', 1, '', '', '');
INSERT INTO `cc_agent_state_log` VALUES (980, 1638894134, 1638894134, 1, 1, 1, '1001@test', '测试坐席', 0, 1, 1, '172.17.0.2:7200', '111.204.179.70:53531', 'LOGIN', 1638894134161, 'READY', 1638894134754, 593, '', 1, '', '', '');
INSERT INTO `cc_agent_state_log` VALUES (981, 1638894135, 1638894135, 1, 1, 1, '1001@test', '测试坐席', 0, 1, 1, '172.17.0.2:7200', '111.204.179.70:53531', 'READY', 1638894134754, 'NOT_READY', 1638894135490, 736, '', 1, '', '', '');
INSERT INTO `cc_agent_state_log` VALUES (982, 1638894137, 1638894137, 1, 1, 1, '1001@test', '测试坐席', 256213826427420672, 1, 1, '172.17.0.2:7200', '111.204.179.70:53531', 'NOT_READY', 1638894135490, 'OUT_CALL', 1638894137618, 2128, '', 1, '', '', '');
INSERT INTO `cc_agent_state_log` VALUES (983, 1638894137, 1638894137, 1, 1, 1, '1001@test', '测试坐席', 256213826427420672, 1, 1, '172.17.0.2:7200', '111.204.179.70:53531', 'NOT_READY', 1638894135490, 'OUT_CALL', 1638894137618, 2128, '', 1, '', '', '');
INSERT INTO `cc_agent_state_log` VALUES (984, 1638894141, 1638894141, 1, 1, 1, '1001@test', '测试坐席', 256213826427420672, 1, 1, '172.17.0.2:7200', '111.204.179.70:53531', 'NOT_READY', 1638894135490, 'OUT_CALL', 1638894137618, 2128, '', 1, '', '', '');
INSERT INTO `cc_agent_state_log` VALUES (985, 1638894144, 1638894144, 1, 1, 1, '1001@test', '测试坐席', 256213826427420672, 1, 1, '172.17.0.2:7200', '111.204.179.70:53531', 'OUT_CALL', 1638894137618, 'TALKING', 1638894144014, 6396, '', 1, '', '', '');
INSERT INTO `cc_agent_state_log` VALUES (986, 1638894175, 1638894175, 1, 1, 1, '1001@test', '测试坐席', 256213826427420672, 1, 1, '172.17.0.2:7200', '111.204.179.70:53531', 'TALKING', 1638894144014, 'AFTER', 1638894175647, 31633, '', 1, '', '', '');
INSERT INTO `cc_agent_state_log` VALUES (987, 1638894278, 1638894278, 1, 1, 1, '1001@test', '测试坐席', 0, 1, 1, '172.17.0.2:7200', '111.204.179.70:53531', 'AFTER', 1638894175647, 'LOGOUT', 1638894278041, 102394, '', 1, '', '', '');
INSERT INTO `cc_agent_state_log` VALUES (988, 1638927338, 1638927338, 1, 1, 1, '1001@test', '测试坐席', 0, 1, 1, '172.17.0.2:7200', '111.204.179.70:62476', 'LOGOUT', 1638894278041, 'LOGIN', 1638927338297, 33060256, '', 1, '', '', '');
INSERT INTO `cc_agent_state_log` VALUES (989, 1638927339, 1638927339, 1, 1, 1, '1001@test', '测试坐席', 0, 1, 1, '172.17.0.2:7200', '111.204.179.70:62476', 'LOGIN', 1638927338297, 'READY', 1638927339703, 1406, '', 1, '', '', '');
INSERT INTO `cc_agent_state_log` VALUES (990, 1638927340, 1638927340, 1, 1, 1, '1001@test', '测试坐席', 0, 1, 1, '172.17.0.2:7200', '111.204.179.70:62476', 'READY', 1638927339703, 'NOT_READY', 1638927340382, 679, '', 1, '', '', '');
INSERT INTO `cc_agent_state_log` VALUES (991, 1638927508, 1638927508, 1, 1, 1, '1001@test', '测试坐席', 0, 1, 1, '172.17.0.2:7200', '111.204.179.70:62476', 'NOT_READY', 1638927340382, 'LOGOUT', 1638927508827, 168445, '', 1, '', '', '');
INSERT INTO `cc_agent_state_log` VALUES (992, 1638931370, 1638931370, 1, 1, 1, '1001@test', '测试坐席', 0, 1, 1, '172.17.0.2:7200', '119.97.197.5:63529', 'LOGOUT', 0, 'LOGIN', 1638931370399, 0, '', 1, '', '', '');
INSERT INTO `cc_agent_state_log` VALUES (993, 1638931370, 1638931370, 1, 1, 1, '1001@test', '测试坐席', 0, 1, 1, '172.17.0.2:7200', '119.97.197.5:63529', 'LOGIN', 1638931370399, 'READY', 1638931370930, 531, '', 1, '', '', '');
INSERT INTO `cc_agent_state_log` VALUES (994, 1638931371, 1638931371, 1, 1, 1, '1001@test', '测试坐席', 0, 1, 1, '172.17.0.2:7200', '119.97.197.5:63529', 'READY', 1638931370930, 'NOT_READY', 1638931371312, 382, '', 1, '', '', '');
INSERT INTO `cc_agent_state_log` VALUES (995, 1638931373, 1638931373, 1, 1, 1, '1001@test', '测试坐席', 256370004457422848, 1, 1, '172.17.0.2:7200', '119.97.197.5:63529', 'NOT_READY', 1638931371312, 'OUT_CALL', 1638931373546, 2234, '', 1, '', '', '');
INSERT INTO `cc_agent_state_log` VALUES (996, 1638931373, 1638931373, 1, 1, 1, '1001@test', '测试坐席', 256370004457422848, 1, 1, '172.17.0.2:7200', '119.97.197.5:63529', 'NOT_READY', 1638931371312, 'OUT_CALL', 1638931373546, 2234, '', 1, '', '', '');
INSERT INTO `cc_agent_state_log` VALUES (997, 1638931383, 1638931383, 1, 1, 1, '1001@test', '测试坐席', 256370004457422848, 1, 1, '172.17.0.2:7200', '119.97.197.5:63529', 'NOT_READY', 1638931371312, 'OUT_CALL', 1638931373546, 2234, '', 1, '', '', '');
INSERT INTO `cc_agent_state_log` VALUES (998, 1638931386, 1638931386, 1, 1, 1, '1001@test', '测试坐席', 256370004457422848, 1, 1, '172.17.0.2:7200', '119.97.197.5:63529', 'OUT_CALL', 1638931373546, 'TALKING', 1638931386001, 12455, '', 1, '', '', '');
INSERT INTO `cc_agent_state_log` VALUES (999, 1638931417, 1638931417, 1, 1, 1, '1001@test', '测试坐席', 256370004457422848, 1, 1, '172.17.0.2:7200', '119.97.197.5:63529', 'TALKING', 1638931386001, 'AFTER', 1638931417675, 31674, '', 1, '', '', '');
INSERT INTO `cc_agent_state_log` VALUES (1000, 1638934816, 1638934816, 1, 1, 1, '1001@test', '测试坐席', 0, 1, 1, '172.17.0.2:7200', '119.97.197.5:63529', 'AFTER', 1638931417675, 'LOGOUT', 1638934816357, 3398682, '', 1, '', '', '');
INSERT INTO `cc_agent_state_log` VALUES (1001, 1638934817, 1638934817, 1, 1, 1, '1001@test', '测试坐席', 0, 1, 1, '172.17.0.2:7200', '119.97.197.5:57854', 'LOGOUT', 1638934816357, 'LOGIN', 1638934817520, 1163, '', 1, '', '', '');
INSERT INTO `cc_agent_state_log` VALUES (1002, 1638934818, 1638934818, 1, 1, 1, '1001@test', '测试坐席', 0, 1, 1, '172.17.0.2:7200', '119.97.197.5:57854', 'LOGIN', 1638934817520, 'READY', 1638934818551, 1031, '', 1, '', '', '');
INSERT INTO `cc_agent_state_log` VALUES (1003, 1638934818, 1638934818, 1, 1, 1, '1001@test', '测试坐席', 0, 1, 1, '172.17.0.2:7200', '119.97.197.5:57854', 'READY', 1638934818551, 'NOT_READY', 1638934818964, 413, '', 1, '', '', '');
INSERT INTO `cc_agent_state_log` VALUES (1004, 1638934820, 1638934820, 1, 1, 1, '1001@test', '测试坐席', 256384464538566656, 1, 1, '172.17.0.2:7200', '119.97.197.5:57854', 'NOT_READY', 1638934818964, 'OUT_CALL', 1638934820258, 1294, '', 1, '', '', '');
INSERT INTO `cc_agent_state_log` VALUES (1005, 1638934820, 1638934820, 1, 1, 1, '1001@test', '测试坐席', 256384464538566656, 1, 1, '172.17.0.2:7200', '119.97.197.5:57854', 'NOT_READY', 1638934818964, 'OUT_CALL', 1638934820258, 1294, '', 1, '', '', '');
INSERT INTO `cc_agent_state_log` VALUES (1006, 1638934822, 1638934822, 1, 1, 1, '1001@test', '测试坐席', 256384464538566656, 1, 1, '172.17.0.2:7200', '119.97.197.5:57854', 'NOT_READY', 1638934818964, 'OUT_CALL', 1638934820258, 1294, '', 1, '', '', '');
INSERT INTO `cc_agent_state_log` VALUES (1007, 1638934825, 1638934825, 1, 1, 1, '1001@test', '测试坐席', 256384464538566656, 1, 1, '172.17.0.2:7200', '119.97.197.5:57854', 'OUT_CALL', 1638934820258, 'TALKING', 1638934825315, 5057, '', 1, '', '', '');
INSERT INTO `cc_agent_state_log` VALUES (1008, 1638934856, 1638934856, 1, 1, 1, '1001@test', '测试坐席', 256384464538566656, 1, 1, '172.17.0.2:7200', '119.97.197.5:57854', 'TALKING', 1638934825315, 'AFTER', 1638934856521, 31206, '', 1, '', '', '');
INSERT INTO `cc_agent_state_log` VALUES (1009, 1638936157, 1638936157, 1, 1, 1, '1001@test', '测试坐席', 0, 1, 1, '172.17.0.2:7200', '119.97.197.5:57854', 'AFTER', 1638934856521, 'LOGOUT', 1638936157771, 1301250, '', 1, '', '', '');
INSERT INTO `cc_agent_state_log` VALUES (1010, 1638942112, 1638942112, 1, 1, 1, '1001@test', '测试坐席', 0, 1, 1, '172.17.0.2:7200', '119.97.197.5:56724', 'LOGOUT', 0, 'LOGIN', 1638942112441, 0, '', 1, '', '', '');
INSERT INTO `cc_agent_state_log` VALUES (1011, 1638942113, 1638942113, 1, 1, 1, '1001@test', '测试坐席', 0, 1, 1, '172.17.0.2:7200', '119.97.197.5:56724', 'LOGIN', 1638942112441, 'READY', 1638942113947, 1506, '', 1, '', '', '');
INSERT INTO `cc_agent_state_log` VALUES (1012, 1638942114, 1638942114, 1, 1, 1, '1001@test', '测试坐席', 0, 1, 1, '172.17.0.2:7200', '119.97.197.5:56724', 'READY', 1638942113947, 'NOT_READY', 1638942114275, 328, '', 1, '', '', '');
INSERT INTO `cc_agent_state_log` VALUES (1013, 1638942116, 1638942116, 1, 1, 1, '1001@test', '测试坐席', 256415063320035328, 1, 1, '172.17.0.2:7200', '119.97.197.5:56724', 'NOT_READY', 1638942114275, 'OUT_CALL', 1638942116380, 2105, '', 1, '', '', '');
INSERT INTO `cc_agent_state_log` VALUES (1014, 1638942116, 1638942116, 1, 1, 1, '1001@test', '测试坐席', 256415063320035328, 1, 1, '172.17.0.2:7200', '119.97.197.5:56724', 'NOT_READY', 1638942114275, 'OUT_CALL', 1638942116380, 2105, '', 1, '', '', '');
INSERT INTO `cc_agent_state_log` VALUES (1015, 1638942119, 1638942119, 1, 1, 1, '1001@test', '测试坐席', 256415063320035328, 1, 1, '172.17.0.2:7200', '119.97.197.5:56724', 'NOT_READY', 1638942114275, 'OUT_CALL', 1638942116380, 2105, '', 1, '', '', '');
INSERT INTO `cc_agent_state_log` VALUES (1016, 1638942122, 1638942122, 1, 1, 1, '1001@test', '测试坐席', 256415063320035328, 1, 1, '172.17.0.2:7200', '119.97.197.5:56724', 'OUT_CALL', 1638942116380, 'TALKING', 1638942122048, 5668, '', 1, '', '', '');
INSERT INTO `cc_agent_state_log` VALUES (1017, 1638942154, 1638942154, 1, 1, 1, '1001@test', '测试坐席', 256415063320035328, 1, 1, '172.17.0.2:7200', '119.97.197.5:56724', 'TALKING', 1638942122048, 'AFTER', 1638942154034, 31986, '', 1, '', '', '');
INSERT INTO `cc_agent_state_log` VALUES (1018, 1638942255, 1638942255, 1, 1, 1, '1001@test', '测试坐席', 0, 1, 1, '172.17.0.2:7200', '119.97.197.5:56724', 'AFTER', 1638942154034, 'LOGOUT', 1638942255554, 101520, '', 1, '', '', '');
INSERT INTO `cc_agent_state_log` VALUES (1019, 1638942306, 1638942306, 1, 1, 1, '1001@test', '测试坐席', 0, 1, 1, '172.17.0.2:7200', '119.97.197.5:57303', 'LOGOUT', 0, 'LOGIN', 1638942305769, 0, '', 1, '', '', '');
INSERT INTO `cc_agent_state_log` VALUES (1020, 1638942306, 1638942306, 1, 1, 1, '1001@test', '测试坐席', 0, 1, 1, '172.17.0.2:7200', '119.97.197.5:57303', 'LOGIN', 1638942305769, 'READY', 1638942306254, 485, '', 1, '', '', '');
INSERT INTO `cc_agent_state_log` VALUES (1021, 1638942306, 1638942306, 1, 1, 1, '1001@test', '测试坐席', 0, 1, 1, '172.17.0.2:7200', '119.97.197.5:57303', 'READY', 1638942306254, 'NOT_READY', 1638942306754, 500, '', 1, '', '', '');
INSERT INTO `cc_agent_state_log` VALUES (1022, 1638942309, 1638942309, 1, 1, 1, '1001@test', '测试坐席', 256415871759548416, 1, 1, '172.17.0.2:7200', '119.97.197.5:57303', 'NOT_READY', 1638942306754, 'OUT_CALL', 1638942309379, 2625, '', 1, '', '', '');
INSERT INTO `cc_agent_state_log` VALUES (1023, 1638942309, 1638942309, 1, 1, 1, '1001@test', '测试坐席', 256415871759548416, 1, 1, '172.17.0.2:7200', '119.97.197.5:57303', 'NOT_READY', 1638942306754, 'OUT_CALL', 1638942309379, 2625, '', 1, '', '', '');
INSERT INTO `cc_agent_state_log` VALUES (1024, 1638942312, 1638942312, 1, 1, 1, '1001@test', '测试坐席', 256415871759548416, 1, 1, '172.17.0.2:7200', '119.97.197.5:57303', 'NOT_READY', 1638942306754, 'OUT_CALL', 1638942309379, 2625, '', 1, '', '', '');
INSERT INTO `cc_agent_state_log` VALUES (1025, 1638942314, 1638942314, 1, 1, 1, '1001@test', '测试坐席', 256415871759548416, 1, 1, '172.17.0.2:7200', '119.97.197.5:57303', 'OUT_CALL', 1638942309379, 'TALKING', 1638942314918, 5539, '', 1, '', '', '');
INSERT INTO `cc_agent_state_log` VALUES (1026, 1638942346, 1638942346, 1, 1, 1, '1001@test', '测试坐席', 256415871759548416, 1, 1, '172.17.0.2:7200', '119.97.197.5:57303', 'TALKING', 1638942314918, 'AFTER', 1638942346764, 31846, '', 1, '', '', '');
INSERT INTO `cc_agent_state_log` VALUES (1027, 1638942687, 1638942687, 1, 1, 1, '1001@test', '测试坐席', 0, 1, 1, '172.17.0.2:7200', '119.97.197.5:57303', 'AFTER', 1638942346764, 'LOGOUT', 1638942687365, 340601, '', 1, '', '', '');
INSERT INTO `cc_agent_state_log` VALUES (1028, 1638942688, 1638942688, 1, 1, 1, '1001@test', '测试坐席', 0, 1, 1, '172.17.0.2:7200', '119.97.197.5:58552', 'LOGOUT', 1638942687365, 'LOGIN', 1638942688000, 635, '', 1, '', '', '');
INSERT INTO `cc_agent_state_log` VALUES (1029, 1638942688, 1638942688, 1, 1, 1, '1001@test', '测试坐席', 0, 1, 1, '172.17.0.2:7200', '119.97.197.5:58552', 'LOGIN', 1638942688000, 'READY', 1638942688614, 614, '', 1, '', '', '');
INSERT INTO `cc_agent_state_log` VALUES (1030, 1638942688, 1638942688, 1, 1, 1, '1001@test', '测试坐席', 0, 1, 1, '172.17.0.2:7200', '119.97.197.5:58552', 'READY', 1638942688614, 'NOT_READY', 1638942688968, 354, '', 1, '', '', '');
INSERT INTO `cc_agent_state_log` VALUES (1031, 1638942690, 1638942690, 1, 1, 1, '1001@test', '测试坐席', 256417473333559296, 1, 1, '172.17.0.2:7200', '119.97.197.5:58552', 'NOT_READY', 1638942688968, 'OUT_CALL', 1638942690126, 1158, '', 1, '', '', '');
INSERT INTO `cc_agent_state_log` VALUES (1032, 1638942690, 1638942690, 1, 1, 1, '1001@test', '测试坐席', 256417473333559296, 1, 1, '172.17.0.2:7200', '119.97.197.5:58552', 'NOT_READY', 1638942688968, 'OUT_CALL', 1638942690126, 1158, '', 1, '', '', '');
INSERT INTO `cc_agent_state_log` VALUES (1033, 1638942693, 1638942693, 1, 1, 1, '1001@test', '测试坐席', 256417473333559296, 1, 1, '172.17.0.2:7200', '119.97.197.5:58552', 'NOT_READY', 1638942688968, 'OUT_CALL', 1638942690126, 1158, '', 1, '', '', '');
INSERT INTO `cc_agent_state_log` VALUES (1034, 1638942696, 1638942696, 1, 1, 1, '1001@test', '测试坐席', 256417473333559296, 1, 1, '172.17.0.2:7200', '119.97.197.5:58552', 'OUT_CALL', 1638942690126, 'TALKING', 1638942696052, 5926, '', 1, '', '', '');
INSERT INTO `cc_agent_state_log` VALUES (1035, 1638942712, 1638942712, 1, 1, 1, '1001@test', '测试坐席', 256417473333559296, 1, 1, '172.17.0.2:7200', '119.97.197.5:58552', 'TALKING', 1638942696052, 'AFTER', 1638942712543, 16491, '', 1, '', '', '');
INSERT INTO `cc_agent_state_log` VALUES (1036, 1638942803, 1638942803, 1, 1, 1, '1001@test', '测试坐席', 0, 1, 1, '172.17.0.2:7200', '119.97.197.5:58552', 'AFTER', 1638942712543, 'LOGOUT', 1638942803027, 90484, '', 1, '', '', '');
COMMIT;

-- ----------------------------
-- Table structure for cc_agent_state_log_202111
-- ----------------------------
DROP TABLE IF EXISTS `cc_agent_state_log_202111`;
CREATE TABLE `cc_agent_state_log_202111` (
  `id` bigint NOT NULL AUTO_INCREMENT COMMENT 'PK',
  `cts` bigint NOT NULL DEFAULT '0' COMMENT '创建时间',
  `uts` bigint NOT NULL DEFAULT '0' COMMENT '修改时间',
  `company_id` bigint NOT NULL DEFAULT '0' COMMENT '企业id',
  `group_id` bigint NOT NULL DEFAULT '0' COMMENT '主技能组id',
  `agent_id` bigint NOT NULL DEFAULT '0' COMMENT '坐席id',
  `agent_key` varchar(255) NOT NULL DEFAULT '' COMMENT '坐席编号',
  `agent_name` varchar(255) CHARACTER SET utf8 COLLATE utf8_general_ci NOT NULL DEFAULT '' COMMENT '坐席名称',
  `call_id` bigint NOT NULL DEFAULT '0' COMMENT '通话唯一标识',
  `login_type` int NOT NULL DEFAULT '1' COMMENT '登录类型',
  `work_type` int NOT NULL DEFAULT '1' COMMENT '工作类型',
  `host` varchar(255) NOT NULL DEFAULT '' COMMENT '服务站点',
  `remote_address` varchar(255) NOT NULL DEFAULT '' COMMENT '远端地址',
  `before_state` varchar(50) NOT NULL DEFAULT '' COMMENT '变更之前状态',
  `before_time` bigint NOT NULL DEFAULT '0' COMMENT '更变之前时间',
  `state` varchar(50) NOT NULL DEFAULT '' COMMENT '变更之后状态',
  `state_time` bigint NOT NULL DEFAULT '0' COMMENT '当前时间',
  `duration` int NOT NULL DEFAULT '0' COMMENT '持续时间',
  `busy_desc` varchar(255) NOT NULL DEFAULT '' COMMENT '忙碌类型',
  `status` int NOT NULL DEFAULT '1' COMMENT '状态',
  `ext1` varchar(255) NOT NULL DEFAULT '' COMMENT '扩展字段1',
  `ext2` varchar(255) NOT NULL DEFAULT '' COMMENT '扩展字段2',
  `ext3` varchar(255) NOT NULL DEFAULT '' COMMENT '扩展字段3',
  PRIMARY KEY (`id`) USING BTREE,
  KEY `idx_agentstate_agentkey` (`agent_key`),
  KEY `idx_agentstate_cts` (`state_time`) USING BTREE,
  KEY `idx_agentstate_group_id` (`group_id`) USING BTREE
) ENGINE=InnoDB AUTO_INCREMENT=69 DEFAULT CHARSET=utf8mb3 COMMENT='坐席状态历史表';

-- ----------------------------
-- Records of cc_agent_state_log_202111
-- ----------------------------
BEGIN;
INSERT INTO `cc_agent_state_log_202111` VALUES (1, 1637599038, 1637599038, 1, 1, 1, '1001@test', '测试坐席', 0, 1, 1, 'localhost:7200', '127.0.0.1:53985', 'LOGIN', 1637599035500, 'READY', 1637599038009, 2509, '', 1, '', '', '');
INSERT INTO `cc_agent_state_log_202111` VALUES (2, 1637599038, 1637599038, 1, 1, 1, '1001@test', '测试坐席', 0, 1, 1, 'localhost:7200', '127.0.0.1:53985', 'READY', 1637599038009, 'NOT_READY', 1637599038426, 417, '', 1, '', '', '');
INSERT INTO `cc_agent_state_log_202111` VALUES (3, 1637599056, 1637599056, 1, 1, 1, '1001@test', '测试坐席', 250781859871457280, 1, 1, 'localhost:7200', '127.0.0.1:53985', 'NOT_READY', 1637599038426, 'OUT_CALL', 1637599055870, 17444, '', 1, '', '', '');
INSERT INTO `cc_agent_state_log_202111` VALUES (4, 1637599056, 1637599056, 1, 1, 1, '1001@test', '测试坐席', 250781859871457280, 1, 1, 'localhost:7200', '127.0.0.1:53985', 'NOT_READY', 1637599038426, 'OUT_CALL', 1637599055870, 17444, '', 1, '', '', '');
INSERT INTO `cc_agent_state_log_202111` VALUES (5, 1637599060, 1637599060, 1, 1, 1, '1001@test', '测试坐席', 250781859871457280, 1, 1, 'localhost:7200', '127.0.0.1:53985', 'NOT_READY', 1637599038426, 'OUT_CALL', 1637599055870, 17444, '', 1, '', '', '');
INSERT INTO `cc_agent_state_log_202111` VALUES (6, 1637599063, 1637599063, 1, 1, 1, '1001@test', '测试坐席', 250781859871457280, 1, 1, 'localhost:7200', '127.0.0.1:53985', 'OUT_CALL', 1637599055870, 'TALKING', 1637599063212, 7342, '', 1, '', '', '');
INSERT INTO `cc_agent_state_log_202111` VALUES (7, 1637599080, 1637599080, 1, 1, 1, '1001@test', '测试坐席', 250781859871457280, 1, 1, 'localhost:7200', '127.0.0.1:53985', 'TALKING', 1637599063212, 'AFTER', 1637599079710, 16498, '', 1, '', '', '');
INSERT INTO `cc_agent_state_log_202111` VALUES (8, 1637599434, 1637599434, 1, 1, 1, '1001@test', '测试坐席', 0, 1, 1, 'localhost:7200', '127.0.0.1:53985', 'AFTER', 1637599079710, 'LOGOUT', 1637599332368, 252658, '', 1, '', '', '');
INSERT INTO `cc_agent_state_log_202111` VALUES (9, 1637599448, 1637599448, 1, 1, 1, '1001@test', '测试坐席', 0, 1, 1, 'localhost:7200', '127.0.0.1:56825', 'LOGOUT', 0, 'LOGIN', 1637599447876, 0, '', 1, '', '', '');
INSERT INTO `cc_agent_state_log_202111` VALUES (10, 1637599449, 1637599449, 1, 1, 1, '1001@test', '测试坐席', 0, 1, 1, 'localhost:7200', '127.0.0.1:56825', 'LOGIN', 1637599447876, 'READY', 1637599448952, 1076, '', 1, '', '', '');
INSERT INTO `cc_agent_state_log_202111` VALUES (11, 1637599449, 1637599449, 1, 1, 1, '1001@test', '测试坐席', 0, 1, 1, 'localhost:7200', '127.0.0.1:56825', 'READY', 1637599448952, 'NOT_READY', 1637599449428, 476, '', 1, '', '', '');
INSERT INTO `cc_agent_state_log_202111` VALUES (12, 1637599460, 1637599460, 1, 1, 1, '1001@test', '测试坐席', 250783557650219008, 1, 1, 'localhost:7200', '127.0.0.1:56825', 'NOT_READY', 1637599449428, 'OUT_CALL', 1637599460634, 11206, '', 1, '', '', '');
INSERT INTO `cc_agent_state_log_202111` VALUES (13, 1637599461, 1637599461, 1, 1, 1, '1001@test', '测试坐席', 250783557650219008, 1, 1, 'localhost:7200', '127.0.0.1:56825', 'NOT_READY', 1637599449428, 'OUT_CALL', 1637599460634, 11206, '', 1, '', '', '');
INSERT INTO `cc_agent_state_log_202111` VALUES (14, 1637599465, 1637599465, 1, 1, 1, '1001@test', '测试坐席', 250783557650219008, 1, 1, 'localhost:7200', '127.0.0.1:56825', 'NOT_READY', 1637599449428, 'OUT_CALL', 1637599460634, 11206, '', 1, '', '', '');
INSERT INTO `cc_agent_state_log_202111` VALUES (15, 1637599468, 1637599468, 1, 1, 1, '1001@test', '测试坐席', 250783557650219008, 1, 1, 'localhost:7200', '127.0.0.1:56825', 'OUT_CALL', 1637599460634, 'TALKING', 1637599468509, 7875, '', 1, '', '', '');
INSERT INTO `cc_agent_state_log_202111` VALUES (16, 1637599480, 1637599480, 1, 1, 1, '1001@test', '测试坐席', 250783557650219008, 1, 1, 'localhost:7200', '127.0.0.1:56825', 'TALKING', 1637599468509, 'AFTER', 1637599479939, 11430, '', 1, '', '', '');
INSERT INTO `cc_agent_state_log_202111` VALUES (17, 1637599501, 1637599501, 1, 1, 1, '1001@test', '测试坐席', 0, 1, 1, 'localhost:7200', '127.0.0.1:56825', 'AFTER', 1637599479939, 'LOGOUT', 1637599501260, 21321, '', 1, '', '', '');
INSERT INTO `cc_agent_state_log_202111` VALUES (18, 1637631359, 1637631359, 1, 1, 1, '1001@test', '测试坐席', 0, 1, 1, '172.17.0.2:7200', '119.97.197.5:50973', 'LOGOUT', 0, 'LOGIN', 1637631359077, 0, '', 1, '', '', '');
INSERT INTO `cc_agent_state_log_202111` VALUES (19, 1637631360, 1637631360, 1, 1, 1, '1001@test', '测试坐席', 0, 1, 1, '172.17.0.2:7200', '119.97.197.5:50973', 'LOGIN', 1637631359077, 'READY', 1637631360040, 963, '', 1, '', '', '');
INSERT INTO `cc_agent_state_log_202111` VALUES (20, 1637631360, 1637631360, 1, 1, 1, '1001@test', '测试坐席', 0, 1, 1, '172.17.0.2:7200', '119.97.197.5:50973', 'READY', 1637631360040, 'NOT_READY', 1637631360726, 686, '', 1, '', '', '');
INSERT INTO `cc_agent_state_log_202111` VALUES (21, 1637631363, 1637631363, 1, 1, 1, '1001@test', '测试坐席', 0, 1, 1, '172.17.0.2:7200', '119.97.197.5:50973', 'NOT_READY', 1637631360726, 'READY', 1637631362980, 2254, '', 1, '', '', '');
INSERT INTO `cc_agent_state_log_202111` VALUES (22, 1637631363, 1637631363, 1, 1, 1, '1001@test', '测试坐席', 0, 1, 1, '172.17.0.2:7200', '119.97.197.5:50973', 'READY', 1637631362980, 'NOT_READY', 1637631363450, 470, '', 1, '', '', '');
INSERT INTO `cc_agent_state_log_202111` VALUES (23, 1637631366, 1637631366, 1, 1, 1, '1001@test', '测试坐席', 250917376822870016, 1, 1, '172.17.0.2:7200', '119.97.197.5:50973', 'NOT_READY', 1637631363450, 'OUT_CALL', 1637631366130, 2680, '', 1, '', '', '');
INSERT INTO `cc_agent_state_log_202111` VALUES (24, 1637631366, 1637631366, 1, 1, 1, '1001@test', '测试坐席', 250917376822870016, 1, 1, '172.17.0.2:7200', '119.97.197.5:50973', 'NOT_READY', 1637631363450, 'OUT_CALL', 1637631366130, 2680, '', 1, '', '', '');
INSERT INTO `cc_agent_state_log_202111` VALUES (25, 1637631371, 1637631371, 1, 1, 1, '1001@test', '测试坐席', 250917376822870016, 1, 1, '172.17.0.2:7200', '119.97.197.5:50973', 'NOT_READY', 1637631363450, 'OUT_CALL', 1637631366130, 2680, '', 1, '', '', '');
INSERT INTO `cc_agent_state_log_202111` VALUES (26, 1637631372, 1637631372, 1, 1, 1, '1001@test', '测试坐席', 250917376822870016, 1, 1, '172.17.0.2:7200', '119.97.197.5:50973', 'OUT_CALL', 1637631366130, 'TALKING', 1637631372973, 6843, '', 1, '', '', '');
INSERT INTO `cc_agent_state_log_202111` VALUES (27, 1637631481, 1637631481, 1, 1, 1, '1001@test', '测试坐席', 250917376822870016, 1, 1, '172.17.0.2:7200', '119.97.197.5:50973', 'TALKING', 1637631372973, 'AFTER', 1637631481036, 108063, '', 1, '', '', '');
INSERT INTO `cc_agent_state_log_202111` VALUES (28, 1637631553, 1637631553, 1, 1, 1, '1001@test', '测试坐席', 0, 1, 1, '172.17.0.2:7200', '119.97.197.5:50973', 'AFTER', 1637631481036, 'READY', 1637631553614, 72578, '', 1, '', '', '');
INSERT INTO `cc_agent_state_log_202111` VALUES (29, 1637631554, 1637631554, 1, 1, 1, '1001@test', '测试坐席', 0, 1, 1, '172.17.0.2:7200', '119.97.197.5:50973', 'READY', 1637631553614, 'NOT_READY', 1637631554022, 408, '', 1, '', '', '');
INSERT INTO `cc_agent_state_log_202111` VALUES (30, 1637631554, 1637631554, 1, 1, 1, '1001@test', '测试坐席', 0, 1, 1, '172.17.0.2:7200', '119.97.197.5:50973', 'NOT_READY', 1637631554022, 'READY', 1637631554369, 347, '', 1, '', '', '');
INSERT INTO `cc_agent_state_log_202111` VALUES (31, 1637631554, 1637631554, 1, 1, 1, '1001@test', '测试坐席', 0, 1, 1, '172.17.0.2:7200', '119.97.197.5:50973', 'READY', 1637631554369, 'NOT_READY', 1637631554849, 480, '', 1, '', '', '');
INSERT INTO `cc_agent_state_log_202111` VALUES (32, 1637631555, 1637631555, 1, 1, 1, '1001@test', '测试坐席', 250918178568273920, 1, 1, '172.17.0.2:7200', '119.97.197.5:50973', 'NOT_READY', 1637631554849, 'OUT_CALL', 1637631555943, 1094, '', 1, '', '', '');
INSERT INTO `cc_agent_state_log_202111` VALUES (33, 1637631555, 1637631555, 1, 1, 1, '1001@test', '测试坐席', 250918178568273920, 1, 1, '172.17.0.2:7200', '119.97.197.5:50973', 'NOT_READY', 1637631554849, 'OUT_CALL', 1637631555943, 1094, '', 1, '', '', '');
INSERT INTO `cc_agent_state_log_202111` VALUES (34, 1637631563, 1637631563, 1, 1, 1, '1001@test', '测试坐席', 250918178568273920, 1, 1, '172.17.0.2:7200', '119.97.197.5:50973', 'OUT_CALL', 1637631555943, 'TALKING', 1637631563528, 7585, '', 1, '', '', '');
INSERT INTO `cc_agent_state_log_202111` VALUES (35, 1637631559, 1637631559, 1, 1, 1, '1001@test', '测试坐席', 250918178568273920, 1, 1, '172.17.0.2:7200', '119.97.197.5:50973', 'NOT_READY', 1637631554849, 'OUT_CALL', 1637631555943, 1094, '', 1, '', '', '');
INSERT INTO `cc_agent_state_log_202111` VALUES (36, 1637631581, 1637631581, 1, 1, 1, '1001@test', '测试坐席', 250918178568273920, 1, 1, '172.17.0.2:7200', '119.97.197.5:50973', 'TALKING', 1637631563528, 'AFTER', 1637631581756, 18228, '', 1, '', '', '');
INSERT INTO `cc_agent_state_log_202111` VALUES (37, 1637631631, 1637631631, 1, 1, 1, '1001@test', '测试坐席', 0, 1, 1, '172.17.0.2:7200', '119.97.197.5:50973', 'AFTER', 1637631581756, 'READY', 1637631631673, 49917, '', 1, '', '', '');
INSERT INTO `cc_agent_state_log_202111` VALUES (38, 1637631632, 1637631632, 1, 1, 1, '1001@test', '测试坐席', 0, 1, 1, '172.17.0.2:7200', '119.97.197.5:50973', 'READY', 1637631631673, 'NOT_READY', 1637631632096, 423, '', 1, '', '', '');
INSERT INTO `cc_agent_state_log_202111` VALUES (39, 1637631633, 1637631633, 1, 1, 1, '1001@test', '测试坐席', 250918502376931328, 1, 1, '172.17.0.2:7200', '119.97.197.5:50973', 'NOT_READY', 1637631632096, 'OUT_CALL', 1637631633136, 1040, '', 1, '', '', '');
INSERT INTO `cc_agent_state_log_202111` VALUES (40, 1637631633, 1637631633, 1, 1, 1, '1001@test', '测试坐席', 250918502376931328, 1, 1, '172.17.0.2:7200', '119.97.197.5:50973', 'NOT_READY', 1637631632096, 'OUT_CALL', 1637631633136, 1040, '', 1, '', '', '');
INSERT INTO `cc_agent_state_log_202111` VALUES (41, 1637631636, 1637631636, 1, 1, 1, '1001@test', '测试坐席', 250918502376931328, 1, 1, '172.17.0.2:7200', '119.97.197.5:50973', 'NOT_READY', 1637631632096, 'OUT_CALL', 1637631633136, 1040, '', 1, '', '', '');
INSERT INTO `cc_agent_state_log_202111` VALUES (42, 1637631640, 1637631640, 1, 1, 1, '1001@test', '测试坐席', 250918502376931328, 1, 1, '172.17.0.2:7200', '119.97.197.5:50973', 'OUT_CALL', 1637631633136, 'TALKING', 1637631640671, 7535, '', 1, '', '', '');
INSERT INTO `cc_agent_state_log_202111` VALUES (43, 1637631741, 1637631741, 1, 1, 1, '1001@test', '测试坐席', 250918502376931328, 1, 1, '172.17.0.2:7200', '119.97.197.5:50973', 'TALKING', 1637631640671, 'AFTER', 1637631741351, 100680, '', 1, '', '', '');
INSERT INTO `cc_agent_state_log_202111` VALUES (44, 1637632338, 1637632338, 1, 1, 1, '1001@test', '测试坐席', 0, 1, 1, '172.17.0.2:7200', '119.97.197.5:50973', 'AFTER', 1637631741351, 'READY', 1637632338161, 596810, '', 1, '', '', '');
INSERT INTO `cc_agent_state_log_202111` VALUES (45, 1637632338, 1637632338, 1, 1, 1, '1001@test', '测试坐席', 0, 1, 1, '172.17.0.2:7200', '119.97.197.5:50973', 'READY', 1637632338161, 'NOT_READY', 1637632338503, 342, '', 1, '', '', '');
INSERT INTO `cc_agent_state_log_202111` VALUES (46, 1637632339, 1637632339, 1, 1, 1, '1001@test', '测试坐席', 250921465854033920, 1, 1, '172.17.0.2:7200', '119.97.197.5:50973', 'NOT_READY', 1637632338503, 'OUT_CALL', 1637632339652, 1149, '', 1, '', '', '');
INSERT INTO `cc_agent_state_log_202111` VALUES (47, 1637632339, 1637632339, 1, 1, 1, '1001@test', '测试坐席', 250921465854033920, 1, 1, '172.17.0.2:7200', '119.97.197.5:50973', 'NOT_READY', 1637632338503, 'OUT_CALL', 1637632339652, 1149, '', 1, '', '', '');
INSERT INTO `cc_agent_state_log_202111` VALUES (48, 1637632342, 1637632342, 1, 1, 1, '1001@test', '测试坐席', 250921465854033920, 1, 1, '172.17.0.2:7200', '119.97.197.5:50973', 'NOT_READY', 1637632338503, 'OUT_CALL', 1637632339652, 1149, '', 1, '', '', '');
INSERT INTO `cc_agent_state_log_202111` VALUES (49, 1637632346, 1637632346, 1, 1, 1, '1001@test', '测试坐席', 250921465854033920, 1, 1, '172.17.0.2:7200', '119.97.197.5:50973', 'OUT_CALL', 1637632339652, 'TALKING', 1637632346729, 7077, '', 1, '', '', '');
INSERT INTO `cc_agent_state_log_202111` VALUES (50, 1637632431, 1637632431, 1, 1, 1, '1001@test', '测试坐席', 250921465854033920, 1, 1, '172.17.0.2:7200', '119.97.197.5:50973', 'TALKING', 1637632346729, 'AFTER', 1637632431955, 85226, '', 1, '', '', '');
INSERT INTO `cc_agent_state_log_202111` VALUES (51, 1637634279, 1637634279, 1, 1, 1, '1001@test', '测试坐席', 0, 1, 1, '172.17.0.2:7200', '119.97.197.5:50973', 'AFTER', 1637632431955, 'LOGOUT', 1637634279050, 1847095, '', 1, '', '', '');
INSERT INTO `cc_agent_state_log_202111` VALUES (52, 1638186442, 1638186442, 1, 1, 1, '1001@test', '测试坐席', 0, 1, 1, '172.17.0.2', 'http://baidu.com', 'LOGOUT', 0, 'LOGIN', 0, 0, '', 1, '', '', '');
INSERT INTO `cc_agent_state_log_202111` VALUES (53, 1638186458, 1638186458, 1, 1, 1, '1001@test', '测试坐席', 0, 1, 1, '172.17.0.2', 'http://baidu.com', 'LOGIN', 0, 'READY', 1638186458363, 0, '', 1, '', '', '');
INSERT INTO `cc_agent_state_log_202111` VALUES (54, 1638188848, 1638188848, 1, 1, 1, '1001@test', '测试坐席', 0, 1, 1, '172.17.0.2', 'http://baidu.com', 'LOGOUT', 0, 'LOGIN', 1638186441847, 0, '', 1, '', '', '');
INSERT INTO `cc_agent_state_log_202111` VALUES (55, 1638188851, 1638188851, 1, 1, 1, '1001@test', '测试坐席', 0, 1, 1, '172.17.0.2', 'http://baidu.com', 'LOGIN', 1638186441847, 'READY', 1638188851186, 2409339, '', 1, '', '', '');
INSERT INTO `cc_agent_state_log_202111` VALUES (56, 1638188853, 1638188853, 1, 1, 1, '1001@test', '测试坐席', 0, 1, 1, '172.17.0.2', 'http://baidu.com', 'READY', 1638188851186, 'NOT_READY', 1638188853749, 2563, '', 1, '', '', '');
INSERT INTO `cc_agent_state_log_202111` VALUES (57, 1638188856, 1638188856, 1, 1, 1, '1001@test', '测试坐席', 0, 1, 1, '172.17.0.2', 'http://baidu.com', 'NOT_READY', 1638188853749, 'LOGOUT', 1638188856572, 2823, '', 1, '', '', '');
INSERT INTO `cc_agent_state_log_202111` VALUES (58, 1638188863, 1638188863, 1, 1, 1, '1001@test', '测试坐席', 0, 1, 1, '172.17.0.2', 'http://baidu.com', 'LOGOUT', 1638188856572, 'LOGIN', 0, -1806316796, '', 1, '', '', '');
INSERT INTO `cc_agent_state_log_202111` VALUES (59, 1638283476, 1638283476, 1, 1, 1, '1001@test', '测试坐席', 0, 1, 1, '172.17.0.2:7200', '111.204.59.195:55549', 'LOGOUT', 0, 'LOGIN', 1638283475856, 0, '', 1, '', '', '');
INSERT INTO `cc_agent_state_log_202111` VALUES (60, 1638283476, 1638283476, 1, 1, 1, '1001@test', '测试坐席', 0, 1, 1, '172.17.0.2:7200', '111.204.59.195:55549', 'LOGIN', 1638283475856, 'READY', 1638283476449, 593, '', 1, '', '', '');
INSERT INTO `cc_agent_state_log_202111` VALUES (61, 1638283476, 1638283476, 1, 1, 1, '1001@test', '测试坐席', 0, 1, 1, '172.17.0.2:7200', '111.204.59.195:55549', 'READY', 1638283476449, 'NOT_READY', 1638283476808, 359, '', 1, '', '', '');
INSERT INTO `cc_agent_state_log_202111` VALUES (62, 1638283477, 1638283477, 1, 1, 1, '1001@test', '测试坐席', 0, 1, 1, '172.17.0.2:7200', '111.204.59.195:55549', 'NOT_READY', 1638283476808, 'READY', 1638283477444, 636, '', 1, '', '', '');
INSERT INTO `cc_agent_state_log_202111` VALUES (63, 1638283478, 1638283478, 1, 1, 1, '1001@test', '测试坐席', 0, 1, 1, '172.17.0.2:7200', '111.204.59.195:55549', 'READY', 1638283477444, 'NOT_READY', 1638283478348, 904, '', 1, '', '', '');
INSERT INTO `cc_agent_state_log_202111` VALUES (64, 1638284450, 1638284450, 1, 1, 1, '1001@test', '测试坐席', 0, 1, 1, '172.17.0.2:7200', '111.204.59.195:55549', 'NOT_READY', 1638283478348, 'READY', 1638284450680, 972332, '', 1, '', '', '');
INSERT INTO `cc_agent_state_log_202111` VALUES (65, 1638285395, 1638285395, 1, 1, 1, '1001@test', '测试坐席', 0, 1, 1, '172.17.0.2:7200', '111.204.59.195:55549', 'READY', 1638284450680, 'LOGOUT', 1638285395906, 945226, '', 1, '', '', '');
INSERT INTO `cc_agent_state_log_202111` VALUES (66, 1638287141, 1638287141, 1, 1, 1, '1001@test', '测试坐席', 0, 1, 1, '172.17.0.2:7200', '111.204.59.195:2454', 'LOGOUT', 1638285395906, 'LOGIN', 1638287141870, 1745964, '', 1, '', '', '');
INSERT INTO `cc_agent_state_log_202111` VALUES (67, 1638287144, 1638287144, 1, 1, 1, '1001@test', '测试坐席', 0, 1, 1, '172.17.0.2:7200', '111.204.59.195:2454', 'LOGIN', 1638287141870, 'NOT_READY', 1638287144786, 2916, '', 1, '', '', '');
INSERT INTO `cc_agent_state_log_202111` VALUES (68, 1638287798, 1638287798, 1, 1, 1, '1001@test', '测试坐席', 0, 1, 1, '172.17.0.2:7200', '111.204.59.195:2454', 'NOT_READY', 1638287144786, 'LOGOUT', 1638287798388, 653602, '', 1, '', '', '');
COMMIT;

-- ----------------------------
-- Table structure for cc_agent_state_log_202112
-- ----------------------------
DROP TABLE IF EXISTS `cc_agent_state_log_202112`;
CREATE TABLE `cc_agent_state_log_202112` (
  `id` bigint NOT NULL AUTO_INCREMENT COMMENT 'PK',
  `cts` bigint NOT NULL DEFAULT '0' COMMENT '创建时间',
  `uts` bigint NOT NULL DEFAULT '0' COMMENT '修改时间',
  `company_id` bigint NOT NULL DEFAULT '0' COMMENT '企业id',
  `group_id` bigint NOT NULL DEFAULT '0' COMMENT '主技能组id',
  `agent_id` bigint NOT NULL DEFAULT '0' COMMENT '坐席id',
  `agent_key` varchar(255) NOT NULL DEFAULT '' COMMENT '坐席编号',
  `agent_name` varchar(255) CHARACTER SET utf8 COLLATE utf8_general_ci NOT NULL DEFAULT '' COMMENT '坐席名称',
  `call_id` bigint NOT NULL DEFAULT '0' COMMENT '通话唯一标识',
  `login_type` int NOT NULL DEFAULT '1' COMMENT '登录类型',
  `work_type` int NOT NULL DEFAULT '1' COMMENT '工作类型',
  `host` varchar(255) NOT NULL DEFAULT '' COMMENT '服务站点',
  `remote_address` varchar(255) NOT NULL DEFAULT '' COMMENT '远端地址',
  `before_state` varchar(50) NOT NULL DEFAULT '' COMMENT '变更之前状态',
  `before_time` bigint NOT NULL DEFAULT '0' COMMENT '更变之前时间',
  `state` varchar(50) NOT NULL DEFAULT '' COMMENT '变更之后状态',
  `state_time` bigint NOT NULL DEFAULT '0' COMMENT '当前时间',
  `duration` int NOT NULL DEFAULT '0' COMMENT '持续时间',
  `busy_desc` varchar(255) NOT NULL DEFAULT '' COMMENT '忙碌类型',
  `status` int NOT NULL DEFAULT '1' COMMENT '状态',
  `ext1` varchar(255) NOT NULL DEFAULT '' COMMENT '扩展字段1',
  `ext2` varchar(255) NOT NULL DEFAULT '' COMMENT '扩展字段2',
  `ext3` varchar(255) NOT NULL DEFAULT '' COMMENT '扩展字段3',
  PRIMARY KEY (`id`) USING BTREE,
  KEY `idx_agentstate_agentkey` (`agent_key`),
  KEY `idx_agentstate_cts` (`state_time`) USING BTREE,
  KEY `idx_agentstate_group_id` (`group_id`) USING BTREE
) ENGINE=InnoDB AUTO_INCREMENT=170 DEFAULT CHARSET=utf8mb3 COMMENT='坐席状态历史表';

-- ----------------------------
-- Records of cc_agent_state_log_202112
-- ----------------------------
BEGIN;
INSERT INTO `cc_agent_state_log_202112` VALUES (1, 1638322303, 1638322303, 1, 1, 1, '1001@test', '测试坐席', 0, 1, 1, '172.17.0.2:7200', '119.97.197.5:54077', 'LOGOUT', 1638287798388, 'LOGIN', 1638322303386, 34504998, '', 1, '', '', '');
INSERT INTO `cc_agent_state_log_202112` VALUES (2, 1638322305, 1638322305, 1, 1, 1, '1001@test', '测试坐席', 0, 1, 1, '172.17.0.2:7200', '119.97.197.5:54077', 'LOGIN', 1638322303386, 'READY', 1638322305502, 2116, '', 1, '', '', '');
INSERT INTO `cc_agent_state_log_202112` VALUES (3, 1638322306, 1638322306, 1, 1, 1, '1001@test', '测试坐席', 0, 1, 1, '172.17.0.2:7200', '119.97.197.5:54077', 'READY', 1638322305502, 'NOT_READY', 1638322306122, 620, '', 1, '', '', '');
INSERT INTO `cc_agent_state_log_202112` VALUES (4, 1638322934, 1638322934, 1, 1, 1, '1001@test', '测试坐席', 0, 1, 1, '172.17.0.2:7200', '119.97.197.5:54077', 'NOT_READY', 1638322306122, 'LOGOUT', 1638322934021, 627899, '', 1, '', '', '');
INSERT INTO `cc_agent_state_log_202112` VALUES (5, 1638323239, 1638323239, 1, 1, 1, '1001@test', '测试坐席', 0, 1, 1, '172.17.0.2:7200', '119.97.197.5:56571', 'LOGOUT', 1638322934021, 'LOGIN', 1638323239716, 305695, '', 1, '', '', '');
INSERT INTO `cc_agent_state_log_202112` VALUES (6, 1638323240, 1638323240, 1, 1, 1, '1001@test', '测试坐席', 0, 1, 1, '172.17.0.2:7200', '119.97.197.5:56571', 'LOGIN', 1638323239716, 'READY', 1638323240480, 764, '', 1, '', '', '');
INSERT INTO `cc_agent_state_log_202112` VALUES (7, 1638323241, 1638323241, 1, 1, 1, '1001@test', '测试坐席', 0, 1, 1, '172.17.0.2:7200', '119.97.197.5:56571', 'READY', 1638323240480, 'NOT_READY', 1638323241717, 1237, '', 1, '', '', '');
INSERT INTO `cc_agent_state_log_202112` VALUES (8, 1638323494, 1638323494, 1, 1, 1, '1001@test', '测试坐席', 0, 1, 1, '172.17.0.2:7200', '119.97.197.5:56571', 'READY', 1638323240480, 'NOT_READY', 1638323241717, 1237, '', 1, '', '', '');
INSERT INTO `cc_agent_state_log_202112` VALUES (9, 1638323494, 1638323494, 1, 1, 1, '1001@test', '测试坐席', 253820372699316224, 1, 1, '172.17.0.2:7200', '119.97.197.5:56571', 'NOT_READY', 1638323241717, 'OUT_CALL', 1638323494172, 252455, '', 1, '', '', '');
INSERT INTO `cc_agent_state_log_202112` VALUES (10, 1638323502, 1638323502, 1, 1, 1, '1001@test', '测试坐席', 253820372699316224, 1, 1, '172.17.0.2:7200', '119.97.197.5:56571', 'OUT_CALL', 1638323494172, 'TALKING', 1638323501717, 7545, '', 1, '', '', '');
INSERT INTO `cc_agent_state_log_202112` VALUES (11, 1638323504, 1638323504, 1, 1, 1, '1001@test', '测试坐席', 253820372699316224, 1, 1, '172.17.0.2:7200', '119.97.197.5:56571', 'NOT_READY', 1638323241717, 'OUT_CALL', 1638323494172, 252455, '', 1, '', '', '');
INSERT INTO `cc_agent_state_log_202112` VALUES (12, 1638323702, 1638323702, 1, 1, 1, '1001@test', '测试坐席', 253820372699316224, 1, 1, '172.17.0.2:7200', '119.97.197.5:56571', 'TALKING', 1638323501717, 'AFTER', 1638323702427, 200710, '', 1, '', '', '');
INSERT INTO `cc_agent_state_log_202112` VALUES (13, 1638324291, 1638324291, 1, 1, 1, '1001@test', '测试坐席', 0, 1, 1, '172.17.0.2:7200', '119.97.197.5:56571', 'AFTER', 1638323702427, 'READY', 1638324291543, 589116, '', 1, '', '', '');
INSERT INTO `cc_agent_state_log_202112` VALUES (14, 1638324292, 1638324292, 1, 1, 1, '1001@test', '测试坐席', 0, 1, 1, '172.17.0.2:7200', '119.97.197.5:56571', 'READY', 1638324291543, 'NOT_READY', 1638324291987, 444, '', 1, '', '', '');
INSERT INTO `cc_agent_state_log_202112` VALUES (15, 1638324298, 1638324298, 1, 1, 1, '1001@test', '测试坐席', 0, 1, 1, '172.17.0.2:7200', '119.97.197.5:56571', 'NOT_READY', 1638324291987, 'LOGOUT', 1638324298858, 6871, '', 1, '', '', '');
INSERT INTO `cc_agent_state_log_202112` VALUES (16, 1638324396, 1638324396, 1, 1, 1, '1001@test', '测试坐席', 0, 1, 1, '172.17.0.2:7200', '119.97.197.5:59738', 'LOGOUT', 0, 'LOGIN', 1638324396152, 0, '', 1, '', '', '');
INSERT INTO `cc_agent_state_log_202112` VALUES (17, 1638324397, 1638324397, 1, 1, 1, '1001@test', '测试坐席', 0, 1, 1, '172.17.0.2:7200', '119.97.197.5:59738', 'LOGIN', 1638324396152, 'READY', 1638324397390, 1238, '', 1, '', '', '');
INSERT INTO `cc_agent_state_log_202112` VALUES (18, 1638324397, 1638324397, 1, 1, 1, '1001@test', '测试坐席', 0, 1, 1, '172.17.0.2:7200', '119.97.197.5:59738', 'READY', 1638324397390, 'NOT_READY', 1638324397785, 395, '', 1, '', '', '');
INSERT INTO `cc_agent_state_log_202112` VALUES (19, 1638324403, 1638324403, 1, 1, 1, '1001@test', '测试坐席', 0, 1, 1, '172.17.0.2:7200', '119.97.197.5:59738', 'NOT_READY', 1638324397785, 'READY', 1638324403131, 5346, '', 1, '', '', '');
INSERT INTO `cc_agent_state_log_202112` VALUES (20, 1638324403, 1638324403, 1, 1, 1, '1001@test', '测试坐席', 0, 1, 1, '172.17.0.2:7200', '119.97.197.5:59738', 'READY', 1638324403131, 'NOT_READY', 1638324403568, 437, '', 1, '', '', '');
INSERT INTO `cc_agent_state_log_202112` VALUES (21, 1638324409, 1638324409, 1, 1, 1, '1001@test', '测试坐席', 253824206121205760, 1, 1, '172.17.0.2:7200', '119.97.197.5:59738', 'NOT_READY', 1638324403568, 'OUT_CALL', 1638324409253, 5685, '', 1, '', '', '');
INSERT INTO `cc_agent_state_log_202112` VALUES (22, 1638324409, 1638324409, 1, 1, 1, '1001@test', '测试坐席', 253824206121205760, 1, 1, '172.17.0.2:7200', '119.97.197.5:59738', 'NOT_READY', 1638324403568, 'OUT_CALL', 1638324409253, 5685, '', 1, '', '', '');
INSERT INTO `cc_agent_state_log_202112` VALUES (23, 1638324413, 1638324413, 1, 1, 1, '1001@test', '测试坐席', 253824206121205760, 1, 1, '172.17.0.2:7200', '119.97.197.5:59738', 'NOT_READY', 1638324403568, 'OUT_CALL', 1638324409253, 5685, '', 1, '', '', '');
INSERT INTO `cc_agent_state_log_202112` VALUES (24, 1638324416, 1638324416, 1, 1, 1, '1001@test', '测试坐席', 253824206121205760, 1, 1, '172.17.0.2:7200', '119.97.197.5:59738', 'OUT_CALL', 1638324409253, 'TALKING', 1638324415337, 6084, '', 1, '', '', '');
INSERT INTO `cc_agent_state_log_202112` VALUES (25, 1638324428, 1638324428, 1, 1, 1, '1001@test', '测试坐席', 253824206121205760, 1, 1, '172.17.0.2:7200', '119.97.197.5:59738', 'TALKING', 1638324415337, 'AFTER', 1638324428817, 13480, '', 1, '', '', '');
INSERT INTO `cc_agent_state_log_202112` VALUES (26, 1638324461, 1638324461, 1, 1, 1, '1001@test', '测试坐席', 0, 1, 1, '172.17.0.2:7200', '119.97.197.5:59738', 'AFTER', 1638324428817, 'LOGOUT', 1638324461917, 33100, '', 1, '', '', '');
INSERT INTO `cc_agent_state_log_202112` VALUES (27, 1638324547, 1638324547, 1, 1, 1, '1001@test', '测试坐席', 0, 1, 1, '172.17.0.2:7200', '119.97.197.5:60150', 'LOGOUT', 0, 'LOGIN', 1638324546852, 0, '', 1, '', '', '');
INSERT INTO `cc_agent_state_log_202112` VALUES (28, 1638324547, 1638324547, 1, 1, 1, '1001@test', '测试坐席', 0, 1, 1, '172.17.0.2:7200', '119.97.197.5:60150', 'LOGIN', 1638324546852, 'READY', 1638324547432, 580, '', 1, '', '', '');
INSERT INTO `cc_agent_state_log_202112` VALUES (29, 1638324547, 1638324547, 1, 1, 1, '1001@test', '测试坐席', 0, 1, 1, '172.17.0.2:7200', '119.97.197.5:60150', 'READY', 1638324547432, 'NOT_READY', 1638324547739, 307, '', 1, '', '', '');
INSERT INTO `cc_agent_state_log_202112` VALUES (30, 1638324550, 1638324550, 1, 1, 1, '1001@test', '测试坐席', 253824803230711808, 1, 1, '172.17.0.2:7200', '119.97.197.5:60150', 'NOT_READY', 1638324547739, 'OUT_CALL', 1638324550384, 2645, '', 1, '', '', '');
INSERT INTO `cc_agent_state_log_202112` VALUES (31, 1638324550, 1638324550, 1, 1, 1, '1001@test', '测试坐席', 253824803230711808, 1, 1, '172.17.0.2:7200', '119.97.197.5:60150', 'NOT_READY', 1638324547739, 'OUT_CALL', 1638324550384, 2645, '', 1, '', '', '');
INSERT INTO `cc_agent_state_log_202112` VALUES (32, 1638324554, 1638324554, 1, 1, 1, '1001@test', '测试坐席', 253824803230711808, 1, 1, '172.17.0.2:7200', '119.97.197.5:60150', 'NOT_READY', 1638324547739, 'OUT_CALL', 1638324550384, 2645, '', 1, '', '', '');
INSERT INTO `cc_agent_state_log_202112` VALUES (33, 1638324556, 1638324556, 1, 1, 1, '1001@test', '测试坐席', 253824803230711808, 1, 1, '172.17.0.2:7200', '119.97.197.5:60150', 'OUT_CALL', 1638324550384, 'TALKING', 1638324556084, 5700, '', 1, '', '', '');
INSERT INTO `cc_agent_state_log_202112` VALUES (34, 1638324572, 1638324572, 1, 1, 1, '1001@test', '测试坐席', 253824803230711808, 1, 1, '172.17.0.2:7200', '119.97.197.5:60150', 'TALKING', 1638324556084, 'AFTER', 1638324570430, 14346, '', 1, '', '', '');
INSERT INTO `cc_agent_state_log_202112` VALUES (35, 1638324591, 1638324591, 1, 1, 1, '1001@test', '测试坐席', 0, 1, 1, '172.17.0.2:7200', '119.97.197.5:60150', 'AFTER', 1638324570430, 'READY', 1638324591849, 21419, '', 1, '', '', '');
INSERT INTO `cc_agent_state_log_202112` VALUES (36, 1638324592, 1638324592, 1, 1, 1, '1001@test', '测试坐席', 0, 1, 1, '172.17.0.2:7200', '119.97.197.5:60150', 'READY', 1638324591849, 'NOT_READY', 1638324592229, 380, '', 1, '', '', '');
INSERT INTO `cc_agent_state_log_202112` VALUES (37, 1638324594, 1638324594, 1, 1, 1, '1001@test', '测试坐席', 253824994813935616, 1, 1, '172.17.0.2:7200', '119.97.197.5:60150', 'NOT_READY', 1638324592229, 'OUT_CALL', 1638324594934, 2705, '', 1, '', '', '');
INSERT INTO `cc_agent_state_log_202112` VALUES (38, 1638324594, 1638324594, 1, 1, 1, '1001@test', '测试坐席', 253824994813935616, 1, 1, '172.17.0.2:7200', '119.97.197.5:60150', 'NOT_READY', 1638324592229, 'OUT_CALL', 1638324594934, 2705, '', 1, '', '', '');
INSERT INTO `cc_agent_state_log_202112` VALUES (39, 1638324599, 1638324599, 1, 1, 1, '1001@test', '测试坐席', 253824994813935616, 1, 1, '172.17.0.2:7200', '119.97.197.5:60150', 'NOT_READY', 1638324592229, 'OUT_CALL', 1638324594934, 2705, '', 1, '', '', '');
INSERT INTO `cc_agent_state_log_202112` VALUES (40, 1638324602, 1638324602, 1, 1, 1, '1001@test', '测试坐席', 253824994813935616, 1, 1, '172.17.0.2:7200', '119.97.197.5:60150', 'OUT_CALL', 1638324594934, 'TALKING', 1638324600990, 6056, '', 1, '', '', '');
INSERT INTO `cc_agent_state_log_202112` VALUES (41, 1638324608, 1638324608, 1, 1, 1, '1001@test', '测试坐席', 253824994813935616, 1, 1, '172.17.0.2:7200', '119.97.197.5:60150', 'TALKING', 1638324600990, 'AFTER', 1638324607444, 6454, '', 1, '', '', '');
INSERT INTO `cc_agent_state_log_202112` VALUES (42, 1638324656, 1638324656, 1, 1, 1, '1001@test', '测试坐席', 0, 1, 1, '172.17.0.2:7200', '119.97.197.5:60150', 'AFTER', 1638324607444, 'READY', 1638324656186, 48742, '', 1, '', '', '');
INSERT INTO `cc_agent_state_log_202112` VALUES (43, 1638324656, 1638324656, 1, 1, 1, '1001@test', '测试坐席', 0, 1, 1, '172.17.0.2:7200', '119.97.197.5:60150', 'READY', 1638324656186, 'NOT_READY', 1638324656533, 347, '', 1, '', '', '');
INSERT INTO `cc_agent_state_log_202112` VALUES (44, 1638324657, 1638324657, 1, 1, 1, '1001@test', '测试坐席', 0, 1, 1, '172.17.0.2:7200', '119.97.197.5:60150', 'NOT_READY', 1638324656533, 'READY', 1638324657026, 493, '', 1, '', '', '');
INSERT INTO `cc_agent_state_log_202112` VALUES (45, 1638324658, 1638324658, 1, 1, 1, '1001@test', '测试坐席', 253825259625512960, 1, 1, '172.17.0.2:7200', '119.97.197.5:60150', 'READY', 1638324657026, 'OUT_CALL', 1638324658032, 1006, '', 1, '', '', '');
INSERT INTO `cc_agent_state_log_202112` VALUES (46, 1638324658, 1638324658, 1, 1, 1, '1001@test', '测试坐席', 253825259625512960, 1, 1, '172.17.0.2:7200', '119.97.197.5:60150', 'READY', 1638324657026, 'OUT_CALL', 1638324658032, 1006, '', 1, '', '', '');
INSERT INTO `cc_agent_state_log_202112` VALUES (47, 1638324662, 1638324662, 1, 1, 1, '1001@test', '测试坐席', 253825259625512960, 1, 1, '172.17.0.2:7200', '119.97.197.5:60150', 'READY', 1638324657026, 'OUT_CALL', 1638324658032, 1006, '', 1, '', '', '');
INSERT INTO `cc_agent_state_log_202112` VALUES (48, 1638324666, 1638324666, 1, 1, 1, '1001@test', '测试坐席', 253825259625512960, 1, 1, '172.17.0.2:7200', '119.97.197.5:60150', 'OUT_CALL', 1638324658032, 'TALKING', 1638324664480, 6448, '', 1, '', '', '');
INSERT INTO `cc_agent_state_log_202112` VALUES (49, 1638324679, 1638324679, 1, 1, 1, '1001@test', '测试坐席', 253825259625512960, 1, 1, '172.17.0.2:7200', '119.97.197.5:60150', 'TALKING', 1638324664480, 'AFTER', 1638324678672, 14192, '', 1, '', '', '');
INSERT INTO `cc_agent_state_log_202112` VALUES (50, 1638324715, 1638324715, 1, 1, 1, '1001@test', '测试坐席', 0, 1, 1, '172.17.0.2:7200', '119.97.197.5:60150', 'AFTER', 1638324678672, 'READY', 1638324715203, 36531, '', 1, '', '', '');
INSERT INTO `cc_agent_state_log_202112` VALUES (51, 1638324715, 1638324715, 1, 1, 1, '1001@test', '测试坐席', 0, 1, 1, '172.17.0.2:7200', '119.97.197.5:60150', 'READY', 1638324715203, 'NOT_READY', 1638324715575, 372, '', 1, '', '', '');
INSERT INTO `cc_agent_state_log_202112` VALUES (52, 1638324716, 1638324716, 1, 1, 1, '1001@test', '测试坐席', 253825505147486208, 1, 1, '172.17.0.2:7200', '119.97.197.5:60150', 'NOT_READY', 1638324715575, 'OUT_CALL', 1638324716658, 1083, '', 1, '', '', '');
INSERT INTO `cc_agent_state_log_202112` VALUES (53, 1638324716, 1638324716, 1, 1, 1, '1001@test', '测试坐席', 253825505147486208, 1, 1, '172.17.0.2:7200', '119.97.197.5:60150', 'NOT_READY', 1638324715575, 'OUT_CALL', 1638324716658, 1083, '', 1, '', '', '');
INSERT INTO `cc_agent_state_log_202112` VALUES (54, 1638324720, 1638324720, 1, 1, 1, '1001@test', '测试坐席', 253825505147486208, 1, 1, '172.17.0.2:7200', '119.97.197.5:60150', 'NOT_READY', 1638324715575, 'OUT_CALL', 1638324716658, 1083, '', 1, '', '', '');
INSERT INTO `cc_agent_state_log_202112` VALUES (55, 1638324723, 1638324723, 1, 1, 1, '1001@test', '测试坐席', 253825505147486208, 1, 1, '172.17.0.2:7200', '119.97.197.5:60150', 'OUT_CALL', 1638324716658, 'TALKING', 1638324723589, 6931, '', 1, '', '', '');
INSERT INTO `cc_agent_state_log_202112` VALUES (56, 1638324744, 1638324744, 1, 1, 1, '1001@test', '测试坐席', 253825505147486208, 1, 1, '172.17.0.2:7200', '119.97.197.5:60150', 'TALKING', 1638324723589, 'AFTER', 1638324744233, 20644, '', 1, '', '', '');
INSERT INTO `cc_agent_state_log_202112` VALUES (57, 1638324825, 1638324825, 1, 1, 1, '1001@test', '测试坐席', 0, 1, 1, '172.17.0.2:7200', '119.97.197.5:60150', 'AFTER', 1638324744233, 'LOGOUT', 1638324825952, 81719, '', 1, '', '', '');
INSERT INTO `cc_agent_state_log_202112` VALUES (58, 1638333081, 1638333081, 1, 1, 1, '1001@test', '测试坐席', 0, 1, 1, '172.17.0.2:7200', '119.97.197.5:60805', 'LOGOUT', 1638324825952, 'LOGIN', 1638333081038, 8255086, '', 1, '', '', '');
INSERT INTO `cc_agent_state_log_202112` VALUES (59, 1638333081, 1638333081, 1, 1, 1, '1001@test', '测试坐席', 0, 1, 1, '172.17.0.2:7200', '119.97.197.5:60805', 'LOGIN', 1638333081038, 'READY', 1638333081779, 741, '', 1, '', '', '');
INSERT INTO `cc_agent_state_log_202112` VALUES (60, 1638333082, 1638333082, 1, 1, 1, '1001@test', '测试坐席', 0, 1, 1, '172.17.0.2:7200', '119.97.197.5:60805', 'READY', 1638333081779, 'NOT_READY', 1638333082328, 549, '', 1, '', '', '');
INSERT INTO `cc_agent_state_log_202112` VALUES (61, 1638333083, 1638333083, 1, 1, 1, '1001@test', '测试坐席', 253860598054387712, 1, 1, '172.17.0.2:7200', '119.97.197.5:60805', 'NOT_READY', 1638333082328, 'OUT_CALL', 1638333083392, 1064, '', 1, '', '', '');
INSERT INTO `cc_agent_state_log_202112` VALUES (62, 1638333083, 1638333083, 1, 1, 1, '1001@test', '测试坐席', 253860598054387712, 1, 1, '172.17.0.2:7200', '119.97.197.5:60805', 'NOT_READY', 1638333082328, 'OUT_CALL', 1638333083392, 1064, '', 1, '', '', '');
INSERT INTO `cc_agent_state_log_202112` VALUES (63, 1638333087, 1638333087, 1, 1, 1, '1001@test', '测试坐席', 253860598054387712, 1, 1, '172.17.0.2:7200', '119.97.197.5:60805', 'NOT_READY', 1638333082328, 'OUT_CALL', 1638333083392, 1064, '', 1, '', '', '');
INSERT INTO `cc_agent_state_log_202112` VALUES (64, 1638333090, 1638333090, 1, 1, 1, '1001@test', '测试坐席', 253860598054387712, 1, 1, '172.17.0.2:7200', '119.97.197.5:60805', 'OUT_CALL', 1638333083392, 'TALKING', 1638333089086, 5694, '', 1, '', '', '');
INSERT INTO `cc_agent_state_log_202112` VALUES (65, 1638333109, 1638333109, 1, 1, 1, '1001@test', '测试坐席', 253860598054387712, 1, 1, '172.17.0.2:7200', '119.97.197.5:60805', 'TALKING', 1638333089086, 'AFTER', 1638333109040, 19954, '', 1, '', '', '');
INSERT INTO `cc_agent_state_log_202112` VALUES (66, 1638333372, 1638333372, 1, 1, 1, '1001@test', '测试坐席', 0, 1, 1, 'localhost:7200', '127.0.0.1:61809', 'LOGOUT', 0, 'LOGIN', 1638333372118, 0, '', 1, '', '', '');
INSERT INTO `cc_agent_state_log_202112` VALUES (67, 1638333372, 1638333372, 1, 1, 1, '1001@test', '测试坐席', 0, 1, 1, 'localhost:7200', '127.0.0.1:61809', 'LOGIN', 1638333372118, 'READY', 1638333372552, 434, '', 1, '', '', '');
INSERT INTO `cc_agent_state_log_202112` VALUES (68, 1638333372, 1638333372, 1, 1, 1, '1001@test', '测试坐席', 0, 1, 1, 'localhost:7200', '127.0.0.1:61809', 'READY', 1638333372552, 'NOT_READY', 1638333372932, 380, '', 1, '', '', '');
INSERT INTO `cc_agent_state_log_202112` VALUES (69, 1638333374, 1638333374, 1, 1, 1, '1001@test', '测试坐席', 253861816378064896, 1, 1, 'localhost:7200', '127.0.0.1:61809', 'NOT_READY', 1638333372932, 'OUT_CALL', 1638333374116, 1184, '', 1, '', '', '');
INSERT INTO `cc_agent_state_log_202112` VALUES (70, 1638333374, 1638333374, 1, 1, 1, '1001@test', '测试坐席', 253861816378064896, 1, 1, 'localhost:7200', '127.0.0.1:61809', 'NOT_READY', 1638333372932, 'OUT_CALL', 1638333374116, 1184, '', 1, '', '', '');
INSERT INTO `cc_agent_state_log_202112` VALUES (71, 1638333384, 1638333384, 1, 1, 1, '1001@test', '测试坐席', 253861816378064896, 1, 1, 'localhost:7200', '127.0.0.1:61809', 'NOT_READY', 1638333372932, 'OUT_CALL', 1638333374116, 1184, '', 1, '', '', '');
INSERT INTO `cc_agent_state_log_202112` VALUES (72, 1638333385, 1638333385, 1, 1, 1, '1001@test', '测试坐席', 253861816378064896, 1, 1, 'localhost:7200', '127.0.0.1:61809', 'OUT_CALL', 1638333374116, 'TALKING', 1638333381932, 7816, '', 1, '', '', '');
INSERT INTO `cc_agent_state_log_202112` VALUES (73, 1638333430, 1638333430, 1, 1, 1, '1001@test', '测试坐席', 253861816378064896, 1, 1, 'localhost:7200', '127.0.0.1:61809', 'TALKING', 1638333381932, 'AFTER', 1638333430581, 48649, '', 1, '', '', '');
INSERT INTO `cc_agent_state_log_202112` VALUES (74, 1638333455, 1638333455, 1, 1, 1, '1001@test', '测试坐席', 0, 1, 1, 'localhost:7200', '127.0.0.1:61809', 'AFTER', 1638333430581, 'READY', 1638333455865, 25284, '', 1, '', '', '');
INSERT INTO `cc_agent_state_log_202112` VALUES (75, 1638333456, 1638333456, 1, 1, 1, '1001@test', '测试坐席', 0, 1, 1, 'localhost:7200', '127.0.0.1:61809', 'READY', 1638333455865, 'NOT_READY', 1638333456316, 451, '', 1, '', '', '');
INSERT INTO `cc_agent_state_log_202112` VALUES (76, 1638333456, 1638333456, 1, 1, 1, '1001@test', '测试坐席', 0, 1, 1, 'localhost:7200', '127.0.0.1:61809', 'NOT_READY', 1638333456316, 'READY', 1638333456721, 405, '', 1, '', '', '');
INSERT INTO `cc_agent_state_log_202112` VALUES (77, 1638333457, 1638333457, 1, 1, 1, '1001@test', '测试坐席', 0, 1, 1, 'localhost:7200', '127.0.0.1:61809', 'READY', 1638333456721, 'NOT_READY', 1638333457253, 532, '', 1, '', '', '');
INSERT INTO `cc_agent_state_log_202112` VALUES (78, 1638333462, 1638333462, 1, 1, 1, '1001@test', '测试坐席', 253862183488716800, 1, 1, 'localhost:7200', '127.0.0.1:61809', 'NOT_READY', 1638333457253, 'OUT_CALL', 1638333461517, 4264, '', 1, '', '', '');
INSERT INTO `cc_agent_state_log_202112` VALUES (79, 1638333471, 1638333471, 1, 1, 1, '1001@test', '测试坐席', 253862183488716800, 1, 1, 'localhost:7200', '127.0.0.1:61809', 'NOT_READY', 1638333457253, 'OUT_CALL', 1638333461517, 4264, '', 1, '', '', '');
INSERT INTO `cc_agent_state_log_202112` VALUES (80, 1638333487, 1638333487, 1, 1, 1, '1001@test', '测试坐席', 253862183488716800, 1, 1, 'localhost:7200', '127.0.0.1:61809', 'NOT_READY', 1638333457253, 'OUT_CALL', 1638333461517, 4264, '', 1, '', '', '');
INSERT INTO `cc_agent_state_log_202112` VALUES (81, 1638333488, 1638333488, 1, 1, 1, '1001@test', '测试坐席', 253862183488716800, 1, 1, 'localhost:7200', '127.0.0.1:61809', 'OUT_CALL', 1638333461517, 'TALKING', 1638333471923, 10406, '', 1, '', '', '');
INSERT INTO `cc_agent_state_log_202112` VALUES (82, 1638333498, 1638333498, 1, 1, 1, '1001@test', '测试坐席', 253862183488716800, 1, 1, 'localhost:7200', '127.0.0.1:61809', 'TALKING', 1638333471923, 'AFTER', 1638333498480, 26557, '', 1, '', '', '');
INSERT INTO `cc_agent_state_log_202112` VALUES (83, 1638333512, 1638333512, 1, 1, 1, '1001@test', '测试坐席', 0, 1, 1, 'localhost:7200', '127.0.0.1:61809', 'AFTER', 1638333498480, 'LOGOUT', 1638333512651, 14171, '', 1, '', '', '');
INSERT INTO `cc_agent_state_log_202112` VALUES (84, 1638333523, 1638333523, 1, 1, 1, '1001@test', '测试坐席', 0, 1, 1, '172.17.0.2:7200', '119.97.197.5:60805', 'AFTER', 1638333109040, 'READY', 1638333523346, 414306, '', 1, '', '', '');
INSERT INTO `cc_agent_state_log_202112` VALUES (85, 1638333523, 1638333523, 1, 1, 1, '1001@test', '测试坐席', 0, 1, 1, '172.17.0.2:7200', '119.97.197.5:60805', 'READY', 1638333523346, 'NOT_READY', 1638333523904, 558, '', 1, '', '', '');
INSERT INTO `cc_agent_state_log_202112` VALUES (86, 1638333524, 1638333524, 1, 1, 1, '1001@test', '测试坐席', 0, 1, 1, '172.17.0.2:7200', '119.97.197.5:60805', 'NOT_READY', 1638333523904, 'READY', 1638333524594, 690, '', 1, '', '', '');
INSERT INTO `cc_agent_state_log_202112` VALUES (87, 1638333526, 1638333526, 1, 1, 1, '1001@test', '测试坐席', 0, 1, 1, '172.17.0.2:7200', '119.97.197.5:60805', 'READY', 1638333524594, 'NOT_READY', 1638333526171, 1577, '', 1, '', '', '');
INSERT INTO `cc_agent_state_log_202112` VALUES (88, 1638333526, 1638333526, 1, 1, 1, '1001@test', '测试坐席', 0, 1, 1, '172.17.0.2:7200', '119.97.197.5:60805', 'NOT_READY', 1638333526171, 'READY', 1638333526704, 533, '', 1, '', '', '');
INSERT INTO `cc_agent_state_log_202112` VALUES (89, 1638333527, 1638333527, 1, 1, 1, '1001@test', '测试坐席', 0, 1, 1, '172.17.0.2:7200', '119.97.197.5:60805', 'READY', 1638333526704, 'NOT_READY', 1638333527189, 485, '', 1, '', '', '');
INSERT INTO `cc_agent_state_log_202112` VALUES (90, 1638333527, 1638333527, 1, 1, 1, '1001@test', '测试坐席', 0, 1, 1, '172.17.0.2:7200', '119.97.197.5:60805', 'NOT_READY', 1638333527189, 'READY', 1638333527553, 364, '', 1, '', '', '');
INSERT INTO `cc_agent_state_log_202112` VALUES (91, 1638333528, 1638333528, 1, 1, 1, '1001@test', '测试坐席', 0, 1, 1, '172.17.0.2:7200', '119.97.197.5:60805', 'READY', 1638333527553, 'NOT_READY', 1638333528079, 526, '', 1, '', '', '');
INSERT INTO `cc_agent_state_log_202112` VALUES (92, 1638333528, 1638333528, 1, 1, 1, '1001@test', '测试坐席', 0, 1, 1, '172.17.0.2:7200', '119.97.197.5:60805', 'NOT_READY', 1638333528079, 'LOGOUT', 1638333528905, 826, '', 1, '', '', '');
INSERT INTO `cc_agent_state_log_202112` VALUES (93, 1638333529, 1638333529, 1, 1, 1, '1001@test', '测试坐席', 0, 1, 1, '172.17.0.2:7200', '119.97.197.5:62268', 'LOGOUT', 1638333528905, 'LOGIN', 1638333529620, 715, '', 1, '', '', '');
INSERT INTO `cc_agent_state_log_202112` VALUES (94, 1638333530, 1638333530, 1, 1, 1, '1001@test', '测试坐席', 0, 1, 1, '172.17.0.2:7200', '119.97.197.5:62268', 'LOGIN', 1638333529620, 'READY', 1638333530566, 946, '', 1, '', '', '');
INSERT INTO `cc_agent_state_log_202112` VALUES (95, 1638333531, 1638333531, 1, 1, 1, '1001@test', '测试坐席', 0, 1, 1, '172.17.0.2:7200', '119.97.197.5:62268', 'READY', 1638333530566, 'NOT_READY', 1638333531047, 481, '', 1, '', '', '');
INSERT INTO `cc_agent_state_log_202112` VALUES (96, 1638333532, 1638333532, 1, 1, 1, '1001@test', '测试坐席', 253862480248307712, 1, 1, '172.17.0.2:7200', '119.97.197.5:62268', 'NOT_READY', 1638333531047, 'OUT_CALL', 1638333532184, 1137, '', 1, '', '', '');
INSERT INTO `cc_agent_state_log_202112` VALUES (97, 1638333532, 1638333532, 1, 1, 1, '1001@test', '测试坐席', 253862480248307712, 1, 1, '172.17.0.2:7200', '119.97.197.5:62268', 'NOT_READY', 1638333531047, 'OUT_CALL', 1638333532184, 1137, '', 1, '', '', '');
INSERT INTO `cc_agent_state_log_202112` VALUES (98, 1638333538, 1638333538, 1, 1, 1, '1001@test', '测试坐席', 253862480248307712, 1, 1, '172.17.0.2:7200', '119.97.197.5:62268', 'OUT_CALL', 1638333532184, 'TALKING', 1638333537507, 5323, '', 1, '', '', '');
INSERT INTO `cc_agent_state_log_202112` VALUES (99, 1638333550, 1638333550, 1, 1, 1, '1001@test', '测试坐席', 253862480248307712, 1, 1, '172.17.0.2:7200', '119.97.197.5:62268', 'TALKING', 1638333537507, 'AFTER', 1638333550901, 13394, '', 1, '', '', '');
INSERT INTO `cc_agent_state_log_202112` VALUES (100, 1638886790, 1638886790, 1, 1, 1, '1001@test', '测试坐席', 0, 1, 1, '172.17.0.2:7200', '119.97.197.5:54411', 'LOGOUT', 0, 'LOGIN', 1638886790083, 0, '', 1, '', '', '');
INSERT INTO `cc_agent_state_log_202112` VALUES (101, 1638886935, 1638886935, 1, 1, 1, '1001@test', '测试坐席', 0, 1, 1, 'localhost:7200', '127.0.0.1:55499', 'LOGOUT', 0, 'LOGIN', 1638886935008, 0, '', 1, '', '', '');
INSERT INTO `cc_agent_state_log_202112` VALUES (102, 1638886935, 1638886935, 1, 1, 1, '1001@test', '测试坐席', 0, 1, 1, 'localhost:7200', '119.97.197.5:54411', 'LOGIN', 1638886790083, 'LOGOUT', 1638886935160, 145077, '', 1, '', '', '');
INSERT INTO `cc_agent_state_log_202112` VALUES (103, 1638890366, 1638890366, 1, 1, 1, '1001@test', '测试坐席', 0, 1, 1, 'localhost:7200', '127.0.0.1:56202', 'LOGOUT', 0, 'LOGIN', 1638890366142, 0, '', 1, '', '', '');
INSERT INTO `cc_agent_state_log_202112` VALUES (104, 1638890608, 1638890608, 1, 1, 1, '1001@test', '测试坐席', 0, 1, 1, 'localhost:7200', '127.0.0.1:58161', 'LOGOUT', 0, 'LOGIN', 1638890608015, 0, '', 1, '', '', '');
INSERT INTO `cc_agent_state_log_202112` VALUES (105, 1638892615, 1638892615, 1, 1, 1, '1001@test', '测试坐席', 0, 1, 1, 'localhost:7200', '127.0.0.1:57532', 'LOGIN', 1638892608731, 'READY', 1638892615127, 6396, '', 1, '', '', '');
INSERT INTO `cc_agent_state_log_202112` VALUES (106, 1638892699, 1638892699, 1, 1, 1, '1001@test', '测试坐席', 0, 1, 1, 'localhost:7200', '127.0.0.1:57532', 'READY', 1638892615127, 'LOGOUT', 1638892699112, 83985, '', 1, '', '', '');
INSERT INTO `cc_agent_state_log_202112` VALUES (107, 1638892767, 1638892767, 1, 1, 1, '1001@test', '测试坐席', 0, 1, 1, 'localhost:7200', '127.0.0.1:58982', 'LOGOUT', 0, 'LOGIN', 1638892767796, 0, '', 1, '', '', '');
INSERT INTO `cc_agent_state_log_202112` VALUES (108, 1638892768, 1638892768, 1, 1, 1, '1001@test', '测试坐席', 0, 1, 1, 'localhost:7200', '127.0.0.1:58982', 'LOGIN', 1638892767796, 'READY', 1638892768580, 784, '', 1, '', '', '');
INSERT INTO `cc_agent_state_log_202112` VALUES (109, 1638892769, 1638892769, 1, 1, 1, '1001@test', '测试坐席', 0, 1, 1, 'localhost:7200', '127.0.0.1:58982', 'READY', 1638892768580, 'NOT_READY', 1638892769128, 548, '', 1, '', '', '');
INSERT INTO `cc_agent_state_log_202112` VALUES (110, 1638892769, 1638892769, 1, 1, 1, '1001@test', '测试坐席', 0, 1, 1, 'localhost:7200', '127.0.0.1:58982', 'NOT_READY', 1638892769128, 'READY', 1638892769773, 645, '', 1, '', '', '');
INSERT INTO `cc_agent_state_log_202112` VALUES (111, 1638892770, 1638892770, 1, 1, 1, '1001@test', '测试坐席', 0, 1, 1, 'localhost:7200', '127.0.0.1:58982', 'READY', 1638892769773, 'NOT_READY', 1638892770283, 510, '', 1, '', '', '');
INSERT INTO `cc_agent_state_log_202112` VALUES (112, 1638894134, 1638894134, 1, 1, 1, '1001@test', '测试坐席', 0, 1, 1, '172.17.0.2:7200', '111.204.179.70:53531', 'LOGOUT', 0, 'LOGIN', 1638894134161, 0, '', 1, '', '', '');
INSERT INTO `cc_agent_state_log_202112` VALUES (113, 1638894134, 1638894134, 1, 1, 1, '1001@test', '测试坐席', 0, 1, 1, '172.17.0.2:7200', '111.204.179.70:53531', 'LOGIN', 1638894134161, 'READY', 1638894134754, 593, '', 1, '', '', '');
INSERT INTO `cc_agent_state_log_202112` VALUES (114, 1638894135, 1638894135, 1, 1, 1, '1001@test', '测试坐席', 0, 1, 1, '172.17.0.2:7200', '111.204.179.70:53531', 'READY', 1638894134754, 'NOT_READY', 1638894135490, 736, '', 1, '', '', '');
INSERT INTO `cc_agent_state_log_202112` VALUES (115, 1638894137, 1638894137, 1, 1, 1, '1001@test', '测试坐席', 256213826427420672, 1, 1, '172.17.0.2:7200', '111.204.179.70:53531', 'NOT_READY', 1638894135490, 'OUT_CALL', 1638894137618, 2128, '', 1, '', '', '');
INSERT INTO `cc_agent_state_log_202112` VALUES (116, 1638894137, 1638894137, 1, 1, 1, '1001@test', '测试坐席', 256213826427420672, 1, 1, '172.17.0.2:7200', '111.204.179.70:53531', 'NOT_READY', 1638894135490, 'OUT_CALL', 1638894137618, 2128, '', 1, '', '', '');
INSERT INTO `cc_agent_state_log_202112` VALUES (117, 1638894141, 1638894141, 1, 1, 1, '1001@test', '测试坐席', 256213826427420672, 1, 1, '172.17.0.2:7200', '111.204.179.70:53531', 'NOT_READY', 1638894135490, 'OUT_CALL', 1638894137618, 2128, '', 1, '', '', '');
INSERT INTO `cc_agent_state_log_202112` VALUES (118, 1638894144, 1638894144, 1, 1, 1, '1001@test', '测试坐席', 256213826427420672, 1, 1, '172.17.0.2:7200', '111.204.179.70:53531', 'OUT_CALL', 1638894137618, 'TALKING', 1638894144014, 6396, '', 1, '', '', '');
INSERT INTO `cc_agent_state_log_202112` VALUES (119, 1638894175, 1638894175, 1, 1, 1, '1001@test', '测试坐席', 256213826427420672, 1, 1, '172.17.0.2:7200', '111.204.179.70:53531', 'TALKING', 1638894144014, 'AFTER', 1638894175647, 31633, '', 1, '', '', '');
INSERT INTO `cc_agent_state_log_202112` VALUES (120, 1638894278, 1638894278, 1, 1, 1, '1001@test', '测试坐席', 0, 1, 1, '172.17.0.2:7200', '111.204.179.70:53531', 'AFTER', 1638894175647, 'LOGOUT', 1638894278041, 102394, '', 1, '', '', '');
INSERT INTO `cc_agent_state_log_202112` VALUES (121, 1638927338, 1638927338, 1, 1, 1, '1001@test', '测试坐席', 0, 1, 1, '172.17.0.2:7200', '111.204.179.70:62476', 'LOGOUT', 1638894278041, 'LOGIN', 1638927338297, 33060256, '', 1, '', '', '');
INSERT INTO `cc_agent_state_log_202112` VALUES (122, 1638927339, 1638927339, 1, 1, 1, '1001@test', '测试坐席', 0, 1, 1, '172.17.0.2:7200', '111.204.179.70:62476', 'LOGIN', 1638927338297, 'READY', 1638927339703, 1406, '', 1, '', '', '');
INSERT INTO `cc_agent_state_log_202112` VALUES (123, 1638927340, 1638927340, 1, 1, 1, '1001@test', '测试坐席', 0, 1, 1, '172.17.0.2:7200', '111.204.179.70:62476', 'READY', 1638927339703, 'NOT_READY', 1638927340382, 679, '', 1, '', '', '');
INSERT INTO `cc_agent_state_log_202112` VALUES (124, 1638927508, 1638927508, 1, 1, 1, '1001@test', '测试坐席', 0, 1, 1, '172.17.0.2:7200', '111.204.179.70:62476', 'NOT_READY', 1638927340382, 'LOGOUT', 1638927508827, 168445, '', 1, '', '', '');
INSERT INTO `cc_agent_state_log_202112` VALUES (125, 1638931370, 1638931370, 1, 1, 1, '1001@test', '测试坐席', 0, 1, 1, '172.17.0.2:7200', '119.97.197.5:63529', 'LOGOUT', 0, 'LOGIN', 1638931370399, 0, '', 1, '', '', '');
INSERT INTO `cc_agent_state_log_202112` VALUES (126, 1638931370, 1638931370, 1, 1, 1, '1001@test', '测试坐席', 0, 1, 1, '172.17.0.2:7200', '119.97.197.5:63529', 'LOGIN', 1638931370399, 'READY', 1638931370930, 531, '', 1, '', '', '');
INSERT INTO `cc_agent_state_log_202112` VALUES (127, 1638931371, 1638931371, 1, 1, 1, '1001@test', '测试坐席', 0, 1, 1, '172.17.0.2:7200', '119.97.197.5:63529', 'READY', 1638931370930, 'NOT_READY', 1638931371312, 382, '', 1, '', '', '');
INSERT INTO `cc_agent_state_log_202112` VALUES (128, 1638931373, 1638931373, 1, 1, 1, '1001@test', '测试坐席', 256370004457422848, 1, 1, '172.17.0.2:7200', '119.97.197.5:63529', 'NOT_READY', 1638931371312, 'OUT_CALL', 1638931373546, 2234, '', 1, '', '', '');
INSERT INTO `cc_agent_state_log_202112` VALUES (129, 1638931373, 1638931373, 1, 1, 1, '1001@test', '测试坐席', 256370004457422848, 1, 1, '172.17.0.2:7200', '119.97.197.5:63529', 'NOT_READY', 1638931371312, 'OUT_CALL', 1638931373546, 2234, '', 1, '', '', '');
INSERT INTO `cc_agent_state_log_202112` VALUES (130, 1638931383, 1638931383, 1, 1, 1, '1001@test', '测试坐席', 256370004457422848, 1, 1, '172.17.0.2:7200', '119.97.197.5:63529', 'NOT_READY', 1638931371312, 'OUT_CALL', 1638931373546, 2234, '', 1, '', '', '');
INSERT INTO `cc_agent_state_log_202112` VALUES (131, 1638931386, 1638931386, 1, 1, 1, '1001@test', '测试坐席', 256370004457422848, 1, 1, '172.17.0.2:7200', '119.97.197.5:63529', 'OUT_CALL', 1638931373546, 'TALKING', 1638931386001, 12455, '', 1, '', '', '');
INSERT INTO `cc_agent_state_log_202112` VALUES (132, 1638931417, 1638931417, 1, 1, 1, '1001@test', '测试坐席', 256370004457422848, 1, 1, '172.17.0.2:7200', '119.97.197.5:63529', 'TALKING', 1638931386001, 'AFTER', 1638931417675, 31674, '', 1, '', '', '');
INSERT INTO `cc_agent_state_log_202112` VALUES (133, 1638934816, 1638934816, 1, 1, 1, '1001@test', '测试坐席', 0, 1, 1, '172.17.0.2:7200', '119.97.197.5:63529', 'AFTER', 1638931417675, 'LOGOUT', 1638934816357, 3398682, '', 1, '', '', '');
INSERT INTO `cc_agent_state_log_202112` VALUES (134, 1638934817, 1638934817, 1, 1, 1, '1001@test', '测试坐席', 0, 1, 1, '172.17.0.2:7200', '119.97.197.5:57854', 'LOGOUT', 1638934816357, 'LOGIN', 1638934817520, 1163, '', 1, '', '', '');
INSERT INTO `cc_agent_state_log_202112` VALUES (135, 1638934818, 1638934818, 1, 1, 1, '1001@test', '测试坐席', 0, 1, 1, '172.17.0.2:7200', '119.97.197.5:57854', 'LOGIN', 1638934817520, 'READY', 1638934818551, 1031, '', 1, '', '', '');
INSERT INTO `cc_agent_state_log_202112` VALUES (136, 1638934818, 1638934818, 1, 1, 1, '1001@test', '测试坐席', 0, 1, 1, '172.17.0.2:7200', '119.97.197.5:57854', 'READY', 1638934818551, 'NOT_READY', 1638934818964, 413, '', 1, '', '', '');
INSERT INTO `cc_agent_state_log_202112` VALUES (137, 1638934820, 1638934820, 1, 1, 1, '1001@test', '测试坐席', 256384464538566656, 1, 1, '172.17.0.2:7200', '119.97.197.5:57854', 'NOT_READY', 1638934818964, 'OUT_CALL', 1638934820258, 1294, '', 1, '', '', '');
INSERT INTO `cc_agent_state_log_202112` VALUES (138, 1638934820, 1638934820, 1, 1, 1, '1001@test', '测试坐席', 256384464538566656, 1, 1, '172.17.0.2:7200', '119.97.197.5:57854', 'NOT_READY', 1638934818964, 'OUT_CALL', 1638934820258, 1294, '', 1, '', '', '');
INSERT INTO `cc_agent_state_log_202112` VALUES (139, 1638934822, 1638934822, 1, 1, 1, '1001@test', '测试坐席', 256384464538566656, 1, 1, '172.17.0.2:7200', '119.97.197.5:57854', 'NOT_READY', 1638934818964, 'OUT_CALL', 1638934820258, 1294, '', 1, '', '', '');
INSERT INTO `cc_agent_state_log_202112` VALUES (140, 1638934825, 1638934825, 1, 1, 1, '1001@test', '测试坐席', 256384464538566656, 1, 1, '172.17.0.2:7200', '119.97.197.5:57854', 'OUT_CALL', 1638934820258, 'TALKING', 1638934825315, 5057, '', 1, '', '', '');
INSERT INTO `cc_agent_state_log_202112` VALUES (141, 1638934856, 1638934856, 1, 1, 1, '1001@test', '测试坐席', 256384464538566656, 1, 1, '172.17.0.2:7200', '119.97.197.5:57854', 'TALKING', 1638934825315, 'AFTER', 1638934856521, 31206, '', 1, '', '', '');
INSERT INTO `cc_agent_state_log_202112` VALUES (142, 1638936157, 1638936157, 1, 1, 1, '1001@test', '测试坐席', 0, 1, 1, '172.17.0.2:7200', '119.97.197.5:57854', 'AFTER', 1638934856521, 'LOGOUT', 1638936157771, 1301250, '', 1, '', '', '');
INSERT INTO `cc_agent_state_log_202112` VALUES (143, 1638942112, 1638942112, 1, 1, 1, '1001@test', '测试坐席', 0, 1, 1, '172.17.0.2:7200', '119.97.197.5:56724', 'LOGOUT', 0, 'LOGIN', 1638942112441, 0, '', 1, '', '', '');
INSERT INTO `cc_agent_state_log_202112` VALUES (144, 1638942113, 1638942113, 1, 1, 1, '1001@test', '测试坐席', 0, 1, 1, '172.17.0.2:7200', '119.97.197.5:56724', 'LOGIN', 1638942112441, 'READY', 1638942113947, 1506, '', 1, '', '', '');
INSERT INTO `cc_agent_state_log_202112` VALUES (145, 1638942114, 1638942114, 1, 1, 1, '1001@test', '测试坐席', 0, 1, 1, '172.17.0.2:7200', '119.97.197.5:56724', 'READY', 1638942113947, 'NOT_READY', 1638942114275, 328, '', 1, '', '', '');
INSERT INTO `cc_agent_state_log_202112` VALUES (146, 1638942116, 1638942116, 1, 1, 1, '1001@test', '测试坐席', 256415063320035328, 1, 1, '172.17.0.2:7200', '119.97.197.5:56724', 'NOT_READY', 1638942114275, 'OUT_CALL', 1638942116380, 2105, '', 1, '', '', '');
INSERT INTO `cc_agent_state_log_202112` VALUES (147, 1638942116, 1638942116, 1, 1, 1, '1001@test', '测试坐席', 256415063320035328, 1, 1, '172.17.0.2:7200', '119.97.197.5:56724', 'NOT_READY', 1638942114275, 'OUT_CALL', 1638942116380, 2105, '', 1, '', '', '');
INSERT INTO `cc_agent_state_log_202112` VALUES (148, 1638942119, 1638942119, 1, 1, 1, '1001@test', '测试坐席', 256415063320035328, 1, 1, '172.17.0.2:7200', '119.97.197.5:56724', 'NOT_READY', 1638942114275, 'OUT_CALL', 1638942116380, 2105, '', 1, '', '', '');
INSERT INTO `cc_agent_state_log_202112` VALUES (149, 1638942122, 1638942122, 1, 1, 1, '1001@test', '测试坐席', 256415063320035328, 1, 1, '172.17.0.2:7200', '119.97.197.5:56724', 'OUT_CALL', 1638942116380, 'TALKING', 1638942122048, 5668, '', 1, '', '', '');
INSERT INTO `cc_agent_state_log_202112` VALUES (150, 1638942154, 1638942154, 1, 1, 1, '1001@test', '测试坐席', 256415063320035328, 1, 1, '172.17.0.2:7200', '119.97.197.5:56724', 'TALKING', 1638942122048, 'AFTER', 1638942154034, 31986, '', 1, '', '', '');
INSERT INTO `cc_agent_state_log_202112` VALUES (151, 1638942255, 1638942255, 1, 1, 1, '1001@test', '测试坐席', 0, 1, 1, '172.17.0.2:7200', '119.97.197.5:56724', 'AFTER', 1638942154034, 'LOGOUT', 1638942255554, 101520, '', 1, '', '', '');
INSERT INTO `cc_agent_state_log_202112` VALUES (152, 1638942306, 1638942306, 1, 1, 1, '1001@test', '测试坐席', 0, 1, 1, '172.17.0.2:7200', '119.97.197.5:57303', 'LOGOUT', 0, 'LOGIN', 1638942305769, 0, '', 1, '', '', '');
INSERT INTO `cc_agent_state_log_202112` VALUES (153, 1638942306, 1638942306, 1, 1, 1, '1001@test', '测试坐席', 0, 1, 1, '172.17.0.2:7200', '119.97.197.5:57303', 'LOGIN', 1638942305769, 'READY', 1638942306254, 485, '', 1, '', '', '');
INSERT INTO `cc_agent_state_log_202112` VALUES (154, 1638942306, 1638942306, 1, 1, 1, '1001@test', '测试坐席', 0, 1, 1, '172.17.0.2:7200', '119.97.197.5:57303', 'READY', 1638942306254, 'NOT_READY', 1638942306754, 500, '', 1, '', '', '');
INSERT INTO `cc_agent_state_log_202112` VALUES (155, 1638942309, 1638942309, 1, 1, 1, '1001@test', '测试坐席', 256415871759548416, 1, 1, '172.17.0.2:7200', '119.97.197.5:57303', 'NOT_READY', 1638942306754, 'OUT_CALL', 1638942309379, 2625, '', 1, '', '', '');
INSERT INTO `cc_agent_state_log_202112` VALUES (156, 1638942309, 1638942309, 1, 1, 1, '1001@test', '测试坐席', 256415871759548416, 1, 1, '172.17.0.2:7200', '119.97.197.5:57303', 'NOT_READY', 1638942306754, 'OUT_CALL', 1638942309379, 2625, '', 1, '', '', '');
INSERT INTO `cc_agent_state_log_202112` VALUES (157, 1638942312, 1638942312, 1, 1, 1, '1001@test', '测试坐席', 256415871759548416, 1, 1, '172.17.0.2:7200', '119.97.197.5:57303', 'NOT_READY', 1638942306754, 'OUT_CALL', 1638942309379, 2625, '', 1, '', '', '');
INSERT INTO `cc_agent_state_log_202112` VALUES (158, 1638942314, 1638942314, 1, 1, 1, '1001@test', '测试坐席', 256415871759548416, 1, 1, '172.17.0.2:7200', '119.97.197.5:57303', 'OUT_CALL', 1638942309379, 'TALKING', 1638942314918, 5539, '', 1, '', '', '');
INSERT INTO `cc_agent_state_log_202112` VALUES (159, 1638942346, 1638942346, 1, 1, 1, '1001@test', '测试坐席', 256415871759548416, 1, 1, '172.17.0.2:7200', '119.97.197.5:57303', 'TALKING', 1638942314918, 'AFTER', 1638942346764, 31846, '', 1, '', '', '');
INSERT INTO `cc_agent_state_log_202112` VALUES (160, 1638942687, 1638942687, 1, 1, 1, '1001@test', '测试坐席', 0, 1, 1, '172.17.0.2:7200', '119.97.197.5:57303', 'AFTER', 1638942346764, 'LOGOUT', 1638942687365, 340601, '', 1, '', '', '');
INSERT INTO `cc_agent_state_log_202112` VALUES (161, 1638942688, 1638942688, 1, 1, 1, '1001@test', '测试坐席', 0, 1, 1, '172.17.0.2:7200', '119.97.197.5:58552', 'LOGOUT', 1638942687365, 'LOGIN', 1638942688000, 635, '', 1, '', '', '');
INSERT INTO `cc_agent_state_log_202112` VALUES (162, 1638942688, 1638942688, 1, 1, 1, '1001@test', '测试坐席', 0, 1, 1, '172.17.0.2:7200', '119.97.197.5:58552', 'LOGIN', 1638942688000, 'READY', 1638942688614, 614, '', 1, '', '', '');
INSERT INTO `cc_agent_state_log_202112` VALUES (163, 1638942688, 1638942688, 1, 1, 1, '1001@test', '测试坐席', 0, 1, 1, '172.17.0.2:7200', '119.97.197.5:58552', 'READY', 1638942688614, 'NOT_READY', 1638942688968, 354, '', 1, '', '', '');
INSERT INTO `cc_agent_state_log_202112` VALUES (164, 1638942690, 1638942690, 1, 1, 1, '1001@test', '测试坐席', 256417473333559296, 1, 1, '172.17.0.2:7200', '119.97.197.5:58552', 'NOT_READY', 1638942688968, 'OUT_CALL', 1638942690126, 1158, '', 1, '', '', '');
INSERT INTO `cc_agent_state_log_202112` VALUES (165, 1638942690, 1638942690, 1, 1, 1, '1001@test', '测试坐席', 256417473333559296, 1, 1, '172.17.0.2:7200', '119.97.197.5:58552', 'NOT_READY', 1638942688968, 'OUT_CALL', 1638942690126, 1158, '', 1, '', '', '');
INSERT INTO `cc_agent_state_log_202112` VALUES (166, 1638942693, 1638942693, 1, 1, 1, '1001@test', '测试坐席', 256417473333559296, 1, 1, '172.17.0.2:7200', '119.97.197.5:58552', 'NOT_READY', 1638942688968, 'OUT_CALL', 1638942690126, 1158, '', 1, '', '', '');
INSERT INTO `cc_agent_state_log_202112` VALUES (167, 1638942696, 1638942696, 1, 1, 1, '1001@test', '测试坐席', 256417473333559296, 1, 1, '172.17.0.2:7200', '119.97.197.5:58552', 'OUT_CALL', 1638942690126, 'TALKING', 1638942696052, 5926, '', 1, '', '', '');
INSERT INTO `cc_agent_state_log_202112` VALUES (168, 1638942712, 1638942712, 1, 1, 1, '1001@test', '测试坐席', 256417473333559296, 1, 1, '172.17.0.2:7200', '119.97.197.5:58552', 'TALKING', 1638942696052, 'AFTER', 1638942712543, 16491, '', 1, '', '', '');
INSERT INTO `cc_agent_state_log_202112` VALUES (169, 1638942803, 1638942803, 1, 1, 1, '1001@test', '测试坐席', 0, 1, 1, '172.17.0.2:7200', '119.97.197.5:58552', 'AFTER', 1638942712543, 'LOGOUT', 1638942803027, 90484, '', 1, '', '', '');
COMMIT;

-- ----------------------------
-- Table structure for cc_call_detail
-- ----------------------------
DROP TABLE IF EXISTS `cc_call_detail`;
CREATE TABLE `cc_call_detail` (
  `id` bigint NOT NULL AUTO_INCREMENT COMMENT 'PK',
  `cts` bigint NOT NULL DEFAULT '0' COMMENT '创建时间',
  `start_time` bigint NOT NULL DEFAULT '0' COMMENT '开始时间',
  `end_time` bigint NOT NULL DEFAULT '0' COMMENT '结束时间',
  `call_id` bigint NOT NULL DEFAULT '0' COMMENT '通话ID',
  `detail_index` int NOT NULL DEFAULT '1' COMMENT '顺序',
  `transfer_type` int NOT NULL DEFAULT '0' COMMENT '1:进vdn,2:进ivr,3:技能组,4:按键收号,5:外线\n',
  `transfer_id` bigint NOT NULL DEFAULT '0' COMMENT '转接ID',
  `reason` varchar(50) NOT NULL DEFAULT '' COMMENT '出队列原因:排队挂机或者转坐席',
  `ext1` varchar(50) NOT NULL DEFAULT '' COMMENT '扩展字段1',
  `ext2` varchar(255) NOT NULL DEFAULT '' COMMENT '扩展字段2',
  `status` int NOT NULL DEFAULT '1' COMMENT '状态',
  PRIMARY KEY (`id`) USING BTREE,
  KEY `idx_calldetail_call_id` (`call_id`) USING BTREE
) ENGINE=InnoDB AUTO_INCREMENT=7 DEFAULT CHARSET=utf8mb4 COLLATE=utf8mb4_0900_ai_ci COMMENT='通话流程表';

-- ----------------------------
-- Records of cc_call_detail
-- ----------------------------
BEGIN;
COMMIT;

-- ----------------------------
-- Table structure for cc_call_detail_202111
-- ----------------------------
DROP TABLE IF EXISTS `cc_call_detail_202111`;
CREATE TABLE `cc_call_detail_202111` (
  `id` bigint NOT NULL AUTO_INCREMENT COMMENT 'PK',
  `cts` bigint NOT NULL DEFAULT '0' COMMENT '创建时间',
  `start_time` bigint NOT NULL DEFAULT '0' COMMENT '开始时间',
  `end_time` bigint NOT NULL DEFAULT '0' COMMENT '结束时间',
  `call_id` bigint NOT NULL DEFAULT '0' COMMENT '通话ID',
  `detail_index` int NOT NULL DEFAULT '1' COMMENT '顺序',
  `transfer_type` int NOT NULL DEFAULT '0' COMMENT '1:进vdn,2:进ivr,3:技能组,4:按键收号,5:外线\n',
  `transfer_id` bigint NOT NULL DEFAULT '0' COMMENT '转接ID',
  `reason` varchar(50) NOT NULL DEFAULT '' COMMENT '出队列原因:排队挂机或者转坐席',
  `ext1` varchar(50) NOT NULL DEFAULT '' COMMENT '扩展字段1',
  `ext2` varchar(255) NOT NULL DEFAULT '' COMMENT '扩展字段2',
  `status` int NOT NULL DEFAULT '1' COMMENT '状态',
  PRIMARY KEY (`id`) USING BTREE,
  KEY `idx_calldetail_call_id` (`call_id`) USING BTREE
) ENGINE=InnoDB DEFAULT CHARSET=utf8mb4 COLLATE=utf8mb4_0900_ai_ci COMMENT='通话流程表';

-- ----------------------------
-- Records of cc_call_detail_202111
-- ----------------------------
BEGIN;
COMMIT;

-- ----------------------------
-- Table structure for cc_call_detail_202112
-- ----------------------------
DROP TABLE IF EXISTS `cc_call_detail_202112`;
CREATE TABLE `cc_call_detail_202112` (
  `id` bigint NOT NULL AUTO_INCREMENT COMMENT 'PK',
  `cts` bigint NOT NULL DEFAULT '0' COMMENT '创建时间',
  `start_time` bigint NOT NULL DEFAULT '0' COMMENT '开始时间',
  `end_time` bigint NOT NULL DEFAULT '0' COMMENT '结束时间',
  `call_id` bigint NOT NULL DEFAULT '0' COMMENT '通话ID',
  `detail_index` int NOT NULL DEFAULT '1' COMMENT '顺序',
  `transfer_type` int NOT NULL DEFAULT '0' COMMENT '1:进vdn,2:进ivr,3:技能组,4:按键收号,5:外线\n',
  `transfer_id` bigint NOT NULL DEFAULT '0' COMMENT '转接ID',
  `reason` varchar(50) NOT NULL DEFAULT '' COMMENT '出队列原因:排队挂机或者转坐席',
  `ext1` varchar(50) NOT NULL DEFAULT '' COMMENT '扩展字段1',
  `ext2` varchar(255) NOT NULL DEFAULT '' COMMENT '扩展字段2',
  `status` int NOT NULL DEFAULT '1' COMMENT '状态',
  PRIMARY KEY (`id`) USING BTREE,
  KEY `idx_calldetail_call_id` (`call_id`) USING BTREE
) ENGINE=InnoDB DEFAULT CHARSET=utf8mb4 COLLATE=utf8mb4_0900_ai_ci COMMENT='通话流程表';

-- ----------------------------
-- Records of cc_call_detail_202112
-- ----------------------------
BEGIN;
COMMIT;

-- ----------------------------
-- Table structure for cc_call_device
-- ----------------------------
DROP TABLE IF EXISTS `cc_call_device`;
CREATE TABLE `cc_call_device` (
  `id` bigint NOT NULL AUTO_INCREMENT COMMENT 'PK',
  `cts` bigint NOT NULL DEFAULT '0' COMMENT '创建时间',
  `uts` bigint NOT NULL DEFAULT '0' COMMENT '修改时间',
  `call_id` bigint NOT NULL DEFAULT '0' COMMENT '通话ID',
  `device_id` varchar(50) NOT NULL DEFAULT '' COMMENT '设备id',
  `agent_key` varchar(50) NOT NULL DEFAULT '' COMMENT '坐席',
  `device_type` int NOT NULL DEFAULT '1' COMMENT '1:坐席,2:客户,3:外线',
  `cdr_type` int NOT NULL DEFAULT '1' COMMENT '1:呼入,2:外呼,3:内呼,4:转接,5:咨询,6:监听,7:强插',
  `caller` varchar(50) NOT NULL DEFAULT '' COMMENT '主叫',
  `called` varchar(50) NOT NULL DEFAULT '' COMMENT '被叫',
  `display` varchar(50) NOT NULL DEFAULT '' COMMENT '显号',
  `called_location` varchar(255) NOT NULL DEFAULT '' COMMENT '被叫归属地',
  `caller_location` varchar(50) NOT NULL DEFAULT '' COMMENT '被叫归属地',
  `call_time` bigint NOT NULL DEFAULT '0' COMMENT '呼叫开始时间',
  `ring_start_time` bigint NOT NULL DEFAULT '0' COMMENT '振铃开始时间',
  `ring_end_time` bigint NOT NULL DEFAULT '0' COMMENT '振铃结束时间',
  `answer_time` bigint NOT NULL DEFAULT '0' COMMENT '接通时间',
  `bridge_time` bigint NOT NULL DEFAULT '0' COMMENT '桥接时间',
  `end_time` bigint NOT NULL DEFAULT '0' COMMENT '结束时间',
  `talk_time` bigint NOT NULL DEFAULT '0' COMMENT '通话时长',
  `sip_protocol` varchar(50) NOT NULL DEFAULT '' COMMENT '信令协议(tcp/udp)',
  `record` varchar(255) NOT NULL DEFAULT '' COMMENT '录音地址',
  `record2` varchar(255) NOT NULL DEFAULT '' COMMENT '备用录音地址',
  `record_time` bigint NOT NULL DEFAULT '0' COMMENT '录音开始时间',
  `channel_name` varchar(50) NOT NULL DEFAULT '' COMMENT '呼叫地址',
  `hangup_cause` varchar(50) NOT NULL COMMENT '挂机原因',
  `ring_cause` varchar(50) NOT NULL DEFAULT '' COMMENT '回铃音识别',
  `sip_status` varchar(50) NOT NULL DEFAULT '' COMMENT 'sip状态',
  `ext1` varchar(50) NOT NULL DEFAULT '' COMMENT '扩展字段1',
  `ext2` varchar(50) NOT NULL DEFAULT '' COMMENT '扩展字段2',
  `status` int NOT NULL DEFAULT '1' COMMENT '状态',
  PRIMARY KEY (`id`) USING BTREE,
  KEY `idx_calldetail__call_id` (`call_id`) USING BTREE
) ENGINE=InnoDB AUTO_INCREMENT=137 DEFAULT CHARSET=utf8mb4 COLLATE=utf8mb4_0900_ai_ci COMMENT='话单明细表';

-- ----------------------------
-- Records of cc_call_device
-- ----------------------------
BEGIN;
INSERT INTO `cc_call_device` VALUES (125, 1638894141, 1638894174, 256213826427420672, '8671881038688993', '1001@test', 2, 2, '01088889999', '144****0002', '01088889999', '', '', 1638894141097, 1638894140683, 1638894142723, 1638894142723, 1638894142863, 1638894174703, 31980, '', '', '', 0, 'sofia/external/144****0002@172.17.0.2:32460', 'NORMAL_CLEARING', '', '200', '', '', 1);
INSERT INTO `cc_call_device` VALUES (126, 1638894136, 1638894174, 256213826427420672, '8005716278524006', '1001@test', 1, 2, '1001', '871556590425001', '1001', '', '', 1638894136443, 1638894137603, 1638894140543, 1638894140543, 1638894142863, 1638894174783, 34240, '', '20211208/00/256213826427420672_8005716278524006.wav', '', 1638894140643, 'sofia/external/871556590425001@172.17.0.2:6685', 'NORMAL_CLEARING', '', '', '', '', 1);
INSERT INTO `cc_call_device` VALUES (127, 1638931383, 1638931416, 256370004457422848, '7836531748726862', '1001@test', 2, 2, '01088889999', '144****0002', '01088889999', '', '', 1638931383196, 1638931382766, 1638931384803, 1638931384803, 1638931384883, 1638931416783, 31980, '', '', '', 0, 'sofia/external/144****0002@172.17.0.2:32460', 'NORMAL_CLEARING', '', '200', '', '', 1);
INSERT INTO `cc_call_device` VALUES (128, 1638931372, 1638931416, 256370004457422848, '9790348716266317', '1001@test', 1, 2, '1001', '871556590425001', '1001', '', '', 1638931372187, 1638931373523, 1638931382643, 1638931382643, 1638931384883, 1638931416903, 34260, '', '20211208/10/256370004457422848_9790348716266317.wav', '', 1638931382723, 'sofia/external/871556590425001@172.17.0.2:6685', 'NORMAL_CLEARING', '', '', '', '', 1);
INSERT INTO `cc_call_device` VALUES (129, 1638934822, 1638934856, 256384464538566656, '8846808394425240', '1001@test', 2, 2, '01088889999', '144****0002', '01088889999', '', '', 1638934822581, 1638934822145, 1638934824183, 1638934824183, 1638934824243, 1638934856163, 31980, '', '', '', 0, 'sofia/external/144****0002@172.17.0.2:32460', 'NORMAL_CLEARING', '', '200', '', '', 1);
INSERT INTO `cc_call_device` VALUES (130, 1638934819, 1638934856, 256384464538566656, '5507411614989870', '1001@test', 1, 2, '1001', '871556590425001', '1001', '', '', 1638934819739, 1638934820223, 1638934822103, 1638934822103, 1638934824243, 1638934856223, 34120, '', '20211208/11/256384464538566656_5507411614989870.wav', '', 1638934822124, 'sofia/external/871556590425001@172.17.0.2:6685', 'NORMAL_CLEARING', '', '', '', '', 1);
INSERT INTO `cc_call_device` VALUES (131, 1638942119, 1638942152, 256415063320035328, '7796225550845726', '1001@test', 2, 2, '01088889999', '144****0002', '01088889999', '', '', 1638942119273, 1638942118983, 1638942121004, 1638942121004, 1638942121163, 1638942152983, 31979, '', '', '', 0, 'sofia/external/144****0002@172.17.0.2:32460', 'NORMAL_CLEARING', '', '200', '', '', 1);
INSERT INTO `cc_call_device` VALUES (132, 1638942115, 1638942153, 256415063320035328, '9212082554493102', '1001@test', 1, 2, '1001', '871556590425001', '1001', '', '', 1638942115057, 1638942116343, 1638942118823, 1638942118823, 1638942121163, 1638942153144, 34321, '', '20211208/13/256415063320035328_9212082554493102.wav', '', 1638942118963, 'sofia/external/871556590425001@172.17.0.2:6685', 'NORMAL_CLEARING', '', '', '', '', 1);
INSERT INTO `cc_call_device` VALUES (133, 1638942312, 1638942345, 256415871759548416, '1371223959320037', '1001@test', 2, 2, '01088889999', '144****0002', '01088889999', '', '', 1638942312277, 1638942311825, 1638942313939, 1638942313939, 1638942314025, 1638942345883, 31944, '', '', '', 0, 'sofia/external/144****0002@172.17.0.2:32460', 'NORMAL_CLEARING', '', '200', '', '', 1);
INSERT INTO `cc_call_device` VALUES (134, 1638942307, 1638942346, 256415871759548416, '5733877830451397', '1001@test', 1, 2, '1001', '871556590425001', '1001', '', '', 1638942307804, 1638942309343, 1638942311683, 1638942311683, 1638942314025, 1638942346050, 34367, '', '20211208/13/256415871759548416_5733877830451397.wav', '', 1638942311783, 'sofia/external/871556590425001@172.17.0.2:6685', 'NORMAL_CLEARING', '', '', '', '', 1);
INSERT INTO `cc_call_device` VALUES (135, 1638942689, 1638942712, 256417473333559296, '0594653796093086', '1001@test', 1, 2, '1001', '871556590425001', '1001', '', '', 1638942689649, 1638942690124, 1638942692843, 1638942692843, 1638942695003, 1638942712443, 19600, '', '20211208/13/256417473333559296_0594653796093086.wav', '', 1638942692884, 'sofia/external/871556590425001@172.17.0.2:6685', 'NORMAL_CLEARING', '', '', '', '', 1);
INSERT INTO `cc_call_device` VALUES (136, 1638942693, 1638942712, 256417473333559296, '1316202710378149', '1001@test', 2, 2, '01088889999', '144****0002', '01088889999', '', '', 1638942693366, 1638942692903, 1638942694923, 1638942694923, 1638942695003, 1638942712563, 17640, '', '', '', 0, 'sofia/external/144****0002@172.17.0.2:32460', 'NORMAL_CLEARING', '', '', '', '', 1);
COMMIT;

-- ----------------------------
-- Table structure for cc_call_device_202111
-- ----------------------------
DROP TABLE IF EXISTS `cc_call_device_202111`;
CREATE TABLE `cc_call_device_202111` (
  `id` bigint NOT NULL AUTO_INCREMENT COMMENT 'PK',
  `cts` bigint NOT NULL DEFAULT '0' COMMENT '创建时间',
  `uts` bigint NOT NULL DEFAULT '0' COMMENT '修改时间',
  `call_id` bigint NOT NULL DEFAULT '0' COMMENT '通话ID',
  `device_id` varchar(50) NOT NULL DEFAULT '' COMMENT '设备id',
  `agent_key` varchar(50) NOT NULL DEFAULT '' COMMENT '坐席',
  `device_type` int NOT NULL DEFAULT '1' COMMENT '1:坐席,2:客户,3:外线',
  `cdr_type` int NOT NULL DEFAULT '1' COMMENT '1:呼入,2:外呼,3:内呼,4:转接,5:咨询,6:监听,7:强插',
  `caller` varchar(50) NOT NULL DEFAULT '' COMMENT '主叫',
  `called` varchar(50) NOT NULL DEFAULT '' COMMENT '被叫',
  `display` varchar(50) NOT NULL DEFAULT '' COMMENT '显号',
  `called_location` varchar(255) NOT NULL DEFAULT '' COMMENT '被叫归属地',
  `caller_location` varchar(50) NOT NULL DEFAULT '' COMMENT '被叫归属地',
  `call_time` bigint NOT NULL DEFAULT '0' COMMENT '呼叫开始时间',
  `ring_start_time` bigint NOT NULL DEFAULT '0' COMMENT '振铃开始时间',
  `ring_end_time` bigint NOT NULL DEFAULT '0' COMMENT '振铃结束时间',
  `answer_time` bigint NOT NULL DEFAULT '0' COMMENT '接通时间',
  `bridge_time` bigint NOT NULL DEFAULT '0' COMMENT '桥接时间',
  `end_time` bigint NOT NULL DEFAULT '0' COMMENT '结束时间',
  `talk_time` bigint NOT NULL DEFAULT '0' COMMENT '通话时长',
  `sip_protocol` varchar(50) NOT NULL DEFAULT '' COMMENT '信令协议(tcp/udp)',
  `record` varchar(255) NOT NULL DEFAULT '' COMMENT '录音地址',
  `record2` varchar(255) NOT NULL DEFAULT '' COMMENT '备用录音地址',
  `record_time` bigint NOT NULL DEFAULT '0' COMMENT '录音开始时间',
  `channel_name` varchar(50) NOT NULL DEFAULT '' COMMENT '呼叫地址',
  `hangup_cause` varchar(50) NOT NULL COMMENT '挂机原因',
  `ring_cause` varchar(50) NOT NULL DEFAULT '' COMMENT '回铃音识别',
  `sip_status` varchar(50) NOT NULL DEFAULT '' COMMENT 'sip状态',
  `ext1` varchar(50) NOT NULL DEFAULT '' COMMENT '扩展字段1',
  `ext2` varchar(50) NOT NULL DEFAULT '' COMMENT '扩展字段2',
  `status` int NOT NULL DEFAULT '1' COMMENT '状态',
  PRIMARY KEY (`id`) USING BTREE,
  KEY `idx_calldetail__call_id` (`call_id`) USING BTREE
) ENGINE=InnoDB AUTO_INCREMENT=11 DEFAULT CHARSET=utf8mb4 COLLATE=utf8mb4_0900_ai_ci COMMENT='话单明细表';

-- ----------------------------
-- Records of cc_call_device_202111
-- ----------------------------
BEGIN;
INSERT INTO `cc_call_device_202111` VALUES (1, 1637599459, 1637599488, 250783557650219008, '0984609078558493', '1001@test', 1, 2, '1001', '871556590425001', '1001', '', '', 1637599459477, 1637599470803, 1637599473163, 1637599473163, 1637599476443, 1637599488563, 15400, '', '/app/clpms/record/20211123/250783557650219008_0984609078558493.wav', '', 1637599473683, 'sofia/external/871556590425001@172.17.0.2:6685', 'NORMAL_CLEARING', '', '200', '', '', 1);
INSERT INTO `cc_call_device_202111` VALUES (2, 1637599464, 1637599490, 250783557650219008, '5122049701122078', '1001@test', 2, 2, '01088889999', '144****0002', '01088889999', '', '', 1637599464376, 1637599473683, 1637599475703, 1637599475703, 1637599476443, 1637599490363, 14660, '', '', '', 0, 'sofia/external/144****0002@172.17.0.2:32460', 'NORMAL_CLEARING', '', '', '', '', 1);
INSERT INTO `cc_call_device_202111` VALUES (3, 1637631364, 1637631479, 250917376822870016, '9243337907547471', '1001@test', 1, 2, '1001', '871556590425001', '1001', '', '', 1637631364454, 1637631366103, 1637631368663, 1637631368663, 1637631371223, 1637631479023, 110360, '', '20211123/09/250917376822870016_9243337907547471.wav', '', 1637631368983, 'sofia/external/871556590425001@172.17.0.2:6685', 'NORMAL_CLEARING', '', '200', '', '', 1);
INSERT INTO `cc_call_device_202111` VALUES (4, 1637631369, 1637631481, 250917376822870016, '8918827587015279', '1001@test', 2, 2, '01088889999', '144****0002', '01088889999', '', '', 1637631369479, 1637631369003, 1637631371123, 1637631371123, 1637631371223, 1637631481083, 109960, '', '', '', 0, 'sofia/external/144****0002@172.17.0.2:32460', 'NORMAL_CLEARING', '', '', '', '', 1);
INSERT INTO `cc_call_device_202111` VALUES (5, 1637631555, 1637631581, 250918178568273920, '8722387068338880', '1001@test', 1, 2, '1001', '871556590425001', '1001', '', '', 1637631555605, 1637631555925, 1637631558243, 1637631558243, 1637631560423, 1637631581583, 23340, '', '20211123/09/250918178568273920_8722387068338880.wav', '', 1637631558283, 'sofia/external/871556590425001@172.17.0.2:6685', 'NORMAL_CLEARING', '', '200', '', '', 1);
INSERT INTO `cc_call_device_202111` VALUES (6, 1637631558, 1637631581, 250918178568273920, '4581473604235009', '1001@test', 2, 2, '01088889999', '144****0002', '01088889999', '', '', 1637631558789, 1637631558303, 1637631560343, 1637631560343, 1637631560423, 1637631581764, 21421, '', '', '', 0, 'sofia/external/144****0002@172.17.0.2:32460', 'NORMAL_CLEARING', '', '', '', '', 1);
INSERT INTO `cc_call_device_202111` VALUES (7, 1637631632, 1637631739, 250918502376931328, '5490718855808603', '1001@test', 1, 2, '1001', '871556590425001', '1001', '', '', 1637631632807, 1637631633123, 1637631635683, 1637631635683, 1637631637863, 1637631739423, 103740, '', '20211123/09/250918502376931328_5490718855808603.wav', '', 1637631635743, 'sofia/external/871556590425001@172.17.0.2:6685', 'NORMAL_CLEARING', '', '200', '', '', 1);
INSERT INTO `cc_call_device_202111` VALUES (8, 1637631636, 1637631741, 250918502376931328, '9747444791358460', '1001@test', 2, 2, '01088889999', '144****0002', '01088889999', '', '', 1637631636233, 1637631635743, 1637631637785, 1637631637785, 1637631637863, 1637631741343, 103558, '', '', '', 0, 'sofia/external/144****0002@172.17.0.2:32460', 'NORMAL_CLEARING', '', '', '', '', 1);
INSERT INTO `cc_call_device_202111` VALUES (9, 1637632339, 1637632430, 250921465854033920, '4461069893007837', '1001@test', 1, 2, '1001', '871556590425001', '1001', '', '', 1637632339355, 1637632339623, 1637632341663, 1637632341663, 1637632343827, 1637632430043, 88380, '', '20211123/09/250921465854033920_4461069893007837.wav', '', 1637632341703, 'sofia/external/871556590425001@172.17.0.2:6685', 'NORMAL_CLEARING', '', '200', '', '', 1);
INSERT INTO `cc_call_device_202111` VALUES (10, 1637632342, 1637632431, 250921465854033920, '7412055598978989', '1001@test', 2, 2, '01088889999', '144****0002', '01088889999', '', '', 1637632342221, 1637632341723, 1637632343783, 1637632343783, 1637632343827, 1637632431983, 88200, '', '', '', 0, 'sofia/external/144****0002@172.17.0.2:32460', 'NORMAL_CLEARING', '', '', '', '', 1);
COMMIT;

-- ----------------------------
-- Table structure for cc_call_device_202112
-- ----------------------------
DROP TABLE IF EXISTS `cc_call_device_202112`;
CREATE TABLE `cc_call_device_202112` (
  `id` bigint NOT NULL AUTO_INCREMENT COMMENT 'PK',
  `cts` bigint NOT NULL DEFAULT '0' COMMENT '创建时间',
  `uts` bigint NOT NULL DEFAULT '0' COMMENT '修改时间',
  `call_id` bigint NOT NULL DEFAULT '0' COMMENT '通话ID',
  `device_id` varchar(50) NOT NULL DEFAULT '' COMMENT '设备id',
  `agent_key` varchar(50) NOT NULL DEFAULT '' COMMENT '坐席',
  `device_type` int NOT NULL DEFAULT '1' COMMENT '1:坐席,2:客户,3:外线',
  `cdr_type` int NOT NULL DEFAULT '1' COMMENT '1:呼入,2:外呼,3:内呼,4:转接,5:咨询,6:监听,7:强插',
  `caller` varchar(50) NOT NULL DEFAULT '' COMMENT '主叫',
  `called` varchar(50) NOT NULL DEFAULT '' COMMENT '被叫',
  `display` varchar(50) NOT NULL DEFAULT '' COMMENT '显号',
  `called_location` varchar(255) NOT NULL DEFAULT '' COMMENT '被叫归属地',
  `caller_location` varchar(50) NOT NULL DEFAULT '' COMMENT '被叫归属地',
  `call_time` bigint NOT NULL DEFAULT '0' COMMENT '呼叫开始时间',
  `ring_start_time` bigint NOT NULL DEFAULT '0' COMMENT '振铃开始时间',
  `ring_end_time` bigint NOT NULL DEFAULT '0' COMMENT '振铃结束时间',
  `answer_time` bigint NOT NULL DEFAULT '0' COMMENT '接通时间',
  `bridge_time` bigint NOT NULL DEFAULT '0' COMMENT '桥接时间',
  `end_time` bigint NOT NULL DEFAULT '0' COMMENT '结束时间',
  `talk_time` bigint NOT NULL DEFAULT '0' COMMENT '通话时长',
  `sip_protocol` varchar(50) NOT NULL DEFAULT '' COMMENT '信令协议(tcp/udp)',
  `record` varchar(255) NOT NULL DEFAULT '' COMMENT '录音地址',
  `record2` varchar(255) NOT NULL DEFAULT '' COMMENT '备用录音地址',
  `record_time` bigint NOT NULL DEFAULT '0' COMMENT '录音开始时间',
  `channel_name` varchar(50) NOT NULL DEFAULT '' COMMENT '呼叫地址',
  `hangup_cause` varchar(50) NOT NULL COMMENT '挂机原因',
  `ring_cause` varchar(50) NOT NULL DEFAULT '' COMMENT '回铃音识别',
  `sip_status` varchar(50) NOT NULL DEFAULT '' COMMENT 'sip状态',
  `ext1` varchar(50) NOT NULL DEFAULT '' COMMENT '扩展字段1',
  `ext2` varchar(50) NOT NULL DEFAULT '' COMMENT '扩展字段2',
  `status` int NOT NULL DEFAULT '1' COMMENT '状态',
  PRIMARY KEY (`id`) USING BTREE,
  KEY `idx_calldetail__call_id` (`call_id`) USING BTREE
) ENGINE=InnoDB AUTO_INCREMENT=34 DEFAULT CHARSET=utf8mb4 COLLATE=utf8mb4_0900_ai_ci COMMENT='话单明细表';

-- ----------------------------
-- Records of cc_call_device_202112
-- ----------------------------
BEGIN;
INSERT INTO `cc_call_device_202112` VALUES (1, 1638323498, 1638323699, 253820372699316224, '4409623633148087', '1001@test', 2, 2, '01088889999', '144****0002', '01088889999', '', '', 1638323498020, 1638323497564, 1638323499603, 1638323499603, 1638323499704, 1638323699143, 199540, '', '', '', 0, 'sofia/external/144****0002@172.17.0.2:32460', 'NORMAL_CLEARING', '', '200', '', '', 1);
INSERT INTO `cc_call_device_202112` VALUES (2, 1638323492, 1638323700, 253820372699316224, '3066471398336373', '1001@test', 1, 2, '1001', '871556590425001', '1001', '', '', 1638323492606, 1638323494123, 1638323497383, 1638323497383, 1638323499704, 1638323700783, 203400, '', '20211201/09/253820372699316224_3066471398336373.wav', '', 1638323497524, 'sofia/external/871556590425001@172.17.0.2:6685', 'NORMAL_CLEARING', '', '', '', '', 1);
INSERT INTO `cc_call_device_202112` VALUES (3, 1638324406, 1638324426, 253824206121205760, '9571949523968359', '1001@test', 1, 2, '1001', '871556590425001', '1001', '', '', 1638324406565, 1638324409223, 1638324411703, 1638324411703, 1638324413923, 1638324426923, 15220, '', '20211201/10/253824206121205760_9571949523968359.wav', '', 1638324411783, 'sofia/external/871556590425001@172.17.0.2:6685', 'NORMAL_CLEARING', '', '200', '', '', 1);
INSERT INTO `cc_call_device_202112` VALUES (4, 1638324412, 1638324428, 253824206121205760, '6129954537718399', '1001@test', 2, 2, '01088889999', '144****0002', '01088889999', '', '', 1638324412274, 1638324411823, 1638324413863, 1638324413863, 1638324413923, 1638324428844, 14981, '', '', '', 0, 'sofia/external/144****0002@172.17.0.2:32460', 'NORMAL_CLEARING', '', '', '', '', 1);
INSERT INTO `cc_call_device_202112` VALUES (5, 1638324548, 1638324566, 253824803230711808, '5009466080278106', '1001@test', 1, 2, '1001', '871556590425001', '1001', '', '', 1638324548927, 1638324550343, 1638324552563, 1638324552563, 1638324554883, 1638324566923, 14360, '', '20211201/10/253824803230711808_5009466080278106.wav', '', 1638324552623, 'sofia/external/871556590425001@172.17.0.2:6685', 'NORMAL_CLEARING', '', '200', '', '', 1);
INSERT INTO `cc_call_device_202112` VALUES (6, 1638324553, 1638324570, 253824803230711808, '0816314174425593', '1001@test', 2, 2, '01088889999', '144****0002', '01088889999', '', '', 1638324553169, 1638324552683, 1638324554743, 1638324554743, 1638324554883, 1638324570443, 15700, '', '', '', 0, 'sofia/external/144****0002@172.17.0.2:32460', 'NORMAL_CLEARING', '', '', '', '', 1);
INSERT INTO `cc_call_device_202112` VALUES (7, 1638324594, 1638324607, 253824994813935616, '7812521696227440', '1001@test', 1, 2, '1001', '871556590425001', '1001', '', '', 1638324594604, 1638324594923, 1638324597023, 1638324597023, 1638324599203, 1638324607023, 10000, '', '20211201/10/253824994813935616_7812521696227440.wav', '', 1638324597083, 'sofia/external/871556590425001@172.17.0.2:6685', 'NORMAL_CLEARING', '', '200', '', '', 1);
INSERT INTO `cc_call_device_202112` VALUES (8, 1638324597, 1638324608, 253824994813935616, '6609775461295570', '1001@test', 2, 2, '01088889999', '144****0002', '01088889999', '', '', 1638324597624, 1638324597103, 1638324599123, 1638324599123, 1638324599203, 1638324608063, 8940, '', '', '', 0, 'sofia/external/144****0002@172.17.0.2:32460', 'NORMAL_CLEARING', '', '', '', '', 1);
INSERT INTO `cc_call_device_202112` VALUES (9, 1638324657, 1638324676, 253825259625512960, '9542992894239610', '1001@test', 1, 2, '1001', '871556590425001', '1001', '', '', 1638324657740, 1638324658003, 1638324660743, 1638324660743, 1638324662903, 1638324676023, 15280, '', '20211201/10/253825259625512960_9542992894239610.wav', '', 1638324660803, 'sofia/external/871556590425001@172.17.0.2:6685', 'NORMAL_CLEARING', '', '200', '', '', 1);
INSERT INTO `cc_call_device_202112` VALUES (10, 1638324661, 1638324678, 253825259625512960, '5192313950452190', '1001@test', 2, 2, '01088889999', '144****0002', '01088889999', '', '', 1638324661314, 1638324660843, 1638324662864, 1638324662864, 1638324662903, 1638324678683, 15819, '', '', '', 0, 'sofia/external/144****0002@172.17.0.2:32460', 'NORMAL_CLEARING', '', '', '', '', 1);
INSERT INTO `cc_call_device_202112` VALUES (11, 1638324716, 1638324744, 253825505147486208, '3329522617306741', '1001@test', 1, 2, '1001', '871556590425001', '1001', '', '', 1638324716277, 1638324716623, 1638324718843, 1638324718843, 1638324721003, 1638324744103, 25260, '', '20211201/10/253825505147486208_3329522617306741.wav', '', 1638324718903, 'sofia/external/871556590425001@172.17.0.2:6685', 'NORMAL_CLEARING', '', '200', '', '', 1);
INSERT INTO `cc_call_device_202112` VALUES (12, 1638324719, 1638324744, 253825505147486208, '1936557736106440', '1001@test', 2, 2, '01088889999', '144****0002', '01088889999', '', '', 1638324719401, 1638324718923, 1638324720944, 1638324720944, 1638324721003, 1638324744243, 23299, '', '', '', 0, 'sofia/external/144****0002@172.17.0.2:32460', 'NORMAL_CLEARING', '', '', '', '', 1);
INSERT INTO `cc_call_device_202112` VALUES (13, 1638333083, 1638333108, 253860598054387712, '4770885005691139', '1001@test', 1, 2, '1001', '871556590425001', '1001', '', '', 1638333083078, 1638333083363, 1638333085363, 1638333085363, 1638333087503, 1638333108943, 23580, '', '20211201/12/253860598054387712_4770885005691139.wav', '', 1638333085403, 'sofia/external/871556590425001@172.17.0.2:6685', 'NORMAL_CLEARING', '', '200', '', '', 1);
INSERT INTO `cc_call_device_202112` VALUES (14, 1638333085, 1638333109, 253860598054387712, '4585312780146170', '1001@test', 2, 2, '01088889999', '144****0002', '01088889999', '', '', 1638333085898, 1638333085423, 1638333087463, 1638333087463, 1638333087503, 1638333109223, 21760, '', '', '', 0, 'sofia/external/144****0002@172.17.0.2:32460', 'NORMAL_CLEARING', '', '', '', '', 1);
INSERT INTO `cc_call_device_202112` VALUES (15, 1638333373, 1638333430, 253861816378064896, '2329107762119762', '1001@test', 1, 2, '1001', '871556590425001', '1001', '', '', 1638333373549, 1638333374063, 1638333375803, 1638333375803, 1638333378243, 1638333430143, 54340, '', '/app/clpms/record/20211201/253861816378064896_2329107762119762_1638333375.wav', '', 1638333375923, 'sofia/external/871556590425001@172.17.0.2:6685', 'NORMAL_CLEARING', '', '200', '', '', 1);
INSERT INTO `cc_call_device_202112` VALUES (16, 1638333376, 1638333430, 253861816378064896, '2116092444743382', '1001@test', 2, 2, '01088889999', '144****0002', '01088889999', '', '', 1638333376721, 1638333375923, 1638333377963, 1638333377963, 1638333378243, 1638333430603, 52640, '', '', '', 0, 'sofia/external/144****0002@172.17.0.2:32460', 'NORMAL_CLEARING', '', '', '', '', 1);
INSERT INTO `cc_call_device_202112` VALUES (17, 1638333461, 1638333496, 253862183488716800, '8317034045241469', '1001@test', 1, 2, '1001', '871556590425001', '1001', '', '', 1638333461075, 1638333461443, 1638333463323, 1638333463323, 1638333467283, 1638333496343, 33020, '', '/app/clpms/record/20211201/253862183488716800_8317034045241469_1638333463.wav', '', 1638333463423, 'sofia/external/871556590425001@172.17.0.2:6685', 'NORMAL_CLEARING', '', '200', '', '', 1);
INSERT INTO `cc_call_device_202112` VALUES (18, 1638333465, 1638333498, 253862183488716800, '2013148447924337', '1001@test', 2, 2, '01088889999', '144****0002', '01088889999', '', '', 1638333465964, 1638333463443, 1638333465483, 1638333465483, 1638333467283, 1638333498483, 33000, '', '', '', 0, 'sofia/external/144****0002@172.17.0.2:32460', 'NORMAL_CLEARING', '', '', '', '', 1);
INSERT INTO `cc_call_device_202112` VALUES (19, 1638333531, 1638333550, 253862480248307712, '9385442095980443', '1001@test', 1, 2, '1001', '871556590425001', '1001', '', '', 1638333531828, 1638333532163, 1638333533743, 1638333533743, 1638333535903, 1638333550203, 16460, '', '20211201/12/253862480248307712_9385442095980443.wav', '', 1638333533783, 'sofia/external/871556590425001@172.17.0.2:6685', 'NORMAL_CLEARING', '', '200', '', '', 1);
INSERT INTO `cc_call_device_202112` VALUES (20, 1638333534, 1638333552, 253862480248307712, '2976368986504571', '1001@test', 2, 2, '01088889999', '144****0002', '01088889999', '', '', 1638333534480, 0, 1638333535863, 1638333535863, 1638333535903, 1638333552103, 16240, '', '', '', 0, 'sofia/external/144****0002@172.17.0.2:32460', 'NORMAL_CLEARING', '', '', '', '', 1);
INSERT INTO `cc_call_device_202112` VALUES (21, 1638343781, 1638343791, 253905468911517696, '1775327397688208', '1001@test', 1, 2, '1001', '871556590425001', '1001', '', '', 1638343781124, 1638343781683, 0, 0, 0, 1638343791983, 0, '', '', '', 0, 'sofia/external/871556590425001@172.17.0.2:6685', 'NORMAL_CLEARING', '', '200', '', '', 1);
INSERT INTO `cc_call_device_202112` VALUES (22, 1638894141, 1638894174, 256213826427420672, '8671881038688993', '1001@test', 2, 2, '01088889999', '144****0002', '01088889999', '', '', 1638894141097, 1638894140683, 1638894142723, 1638894142723, 1638894142863, 1638894174703, 31980, '', '', '', 0, 'sofia/external/144****0002@172.17.0.2:32460', 'NORMAL_CLEARING', '', '200', '', '', 1);
INSERT INTO `cc_call_device_202112` VALUES (23, 1638894136, 1638894174, 256213826427420672, '8005716278524006', '1001@test', 1, 2, '1001', '871556590425001', '1001', '', '', 1638894136443, 1638894137603, 1638894140543, 1638894140543, 1638894142863, 1638894174783, 34240, '', '20211208/00/256213826427420672_8005716278524006.wav', '', 1638894140643, 'sofia/external/871556590425001@172.17.0.2:6685', 'NORMAL_CLEARING', '', '', '', '', 1);
INSERT INTO `cc_call_device_202112` VALUES (24, 1638931383, 1638931416, 256370004457422848, '7836531748726862', '1001@test', 2, 2, '01088889999', '144****0002', '01088889999', '', '', 1638931383196, 1638931382766, 1638931384803, 1638931384803, 1638931384883, 1638931416783, 31980, '', '', '', 0, 'sofia/external/144****0002@172.17.0.2:32460', 'NORMAL_CLEARING', '', '200', '', '', 1);
INSERT INTO `cc_call_device_202112` VALUES (25, 1638931372, 1638931416, 256370004457422848, '9790348716266317', '1001@test', 1, 2, '1001', '871556590425001', '1001', '', '', 1638931372187, 1638931373523, 1638931382643, 1638931382643, 1638931384883, 1638931416903, 34260, '', '20211208/10/256370004457422848_9790348716266317.wav', '', 1638931382723, 'sofia/external/871556590425001@172.17.0.2:6685', 'NORMAL_CLEARING', '', '', '', '', 1);
INSERT INTO `cc_call_device_202112` VALUES (26, 1638934822, 1638934856, 256384464538566656, '8846808394425240', '1001@test', 2, 2, '01088889999', '144****0002', '01088889999', '', '', 1638934822581, 1638934822145, 1638934824183, 1638934824183, 1638934824243, 1638934856163, 31980, '', '', '', 0, 'sofia/external/144****0002@172.17.0.2:32460', 'NORMAL_CLEARING', '', '200', '', '', 1);
INSERT INTO `cc_call_device_202112` VALUES (27, 1638934819, 1638934856, 256384464538566656, '5507411614989870', '1001@test', 1, 2, '1001', '871556590425001', '1001', '', '', 1638934819739, 1638934820223, 1638934822103, 1638934822103, 1638934824243, 1638934856223, 34120, '', '20211208/11/256384464538566656_5507411614989870.wav', '', 1638934822124, 'sofia/external/871556590425001@172.17.0.2:6685', 'NORMAL_CLEARING', '', '', '', '', 1);
INSERT INTO `cc_call_device_202112` VALUES (28, 1638942119, 1638942152, 256415063320035328, '7796225550845726', '1001@test', 2, 2, '01088889999', '144****0002', '01088889999', '', '', 1638942119273, 1638942118983, 1638942121004, 1638942121004, 1638942121163, 1638942152983, 31979, '', '', '', 0, 'sofia/external/144****0002@172.17.0.2:32460', 'NORMAL_CLEARING', '', '200', '', '', 1);
INSERT INTO `cc_call_device_202112` VALUES (29, 1638942115, 1638942153, 256415063320035328, '9212082554493102', '1001@test', 1, 2, '1001', '871556590425001', '1001', '', '', 1638942115057, 1638942116343, 1638942118823, 1638942118823, 1638942121163, 1638942153144, 34321, '', '20211208/13/256415063320035328_9212082554493102.wav', '', 1638942118963, 'sofia/external/871556590425001@172.17.0.2:6685', 'NORMAL_CLEARING', '', '', '', '', 1);
INSERT INTO `cc_call_device_202112` VALUES (30, 1638942312, 1638942345, 256415871759548416, '1371223959320037', '1001@test', 2, 2, '01088889999', '144****0002', '01088889999', '', '', 1638942312277, 1638942311825, 1638942313939, 1638942313939, 1638942314025, 1638942345883, 31944, '', '', '', 0, 'sofia/external/144****0002@172.17.0.2:32460', 'NORMAL_CLEARING', '', '200', '', '', 1);
INSERT INTO `cc_call_device_202112` VALUES (31, 1638942307, 1638942346, 256415871759548416, '5733877830451397', '1001@test', 1, 2, '1001', '871556590425001', '1001', '', '', 1638942307804, 1638942309343, 1638942311683, 1638942311683, 1638942314025, 1638942346050, 34367, '', '20211208/13/256415871759548416_5733877830451397.wav', '', 1638942311783, 'sofia/external/871556590425001@172.17.0.2:6685', 'NORMAL_CLEARING', '', '', '', '', 1);
INSERT INTO `cc_call_device_202112` VALUES (32, 1638942689, 1638942712, 256417473333559296, '0594653796093086', '1001@test', 1, 2, '1001', '871556590425001', '1001', '', '', 1638942689649, 1638942690124, 1638942692843, 1638942692843, 1638942695003, 1638942712443, 19600, '', '20211208/13/256417473333559296_0594653796093086.wav', '', 1638942692884, 'sofia/external/871556590425001@172.17.0.2:6685', 'NORMAL_CLEARING', '', '', '', '', 1);
INSERT INTO `cc_call_device_202112` VALUES (33, 1638942693, 1638942712, 256417473333559296, '1316202710378149', '1001@test', 2, 2, '01088889999', '144****0002', '01088889999', '', '', 1638942693366, 1638942692903, 1638942694923, 1638942694923, 1638942695003, 1638942712563, 17640, '', '', '', 0, 'sofia/external/144****0002@172.17.0.2:32460', 'NORMAL_CLEARING', '', '', '', '', 1);
COMMIT;

-- ----------------------------
-- Table structure for cc_call_dtmf
-- ----------------------------
DROP TABLE IF EXISTS `cc_call_dtmf`;
CREATE TABLE `cc_call_dtmf` (
  `id` bigint NOT NULL AUTO_INCREMENT COMMENT 'PK',
  `cts` bigint NOT NULL DEFAULT '0' COMMENT '创建时间',
  `dtmf_key` varchar(255) NOT NULL DEFAULT '' COMMENT '按键号码',
  `process_id` bigint NOT NULL DEFAULT '0' COMMENT '业务流程id',
  `call_id` bigint NOT NULL DEFAULT '0' COMMENT '通话标识id',
  `dtmf_time` bigint NOT NULL DEFAULT '0' COMMENT '按键时间',
  `status` int NOT NULL DEFAULT '1' COMMENT '状态',
  PRIMARY KEY (`id`)
) ENGINE=InnoDB DEFAULT CHARSET=utf8mb4 COLLATE=utf8mb4_0900_ai_ci COMMENT='呼叫按键表';

-- ----------------------------
-- Records of cc_call_dtmf
-- ----------------------------
BEGIN;
COMMIT;

-- ----------------------------
-- Table structure for cc_call_dtmf_202111
-- ----------------------------
DROP TABLE IF EXISTS `cc_call_dtmf_202111`;
CREATE TABLE `cc_call_dtmf_202111` (
  `id` bigint NOT NULL AUTO_INCREMENT COMMENT 'PK',
  `cts` bigint NOT NULL DEFAULT '0' COMMENT '创建时间',
  `dtmf_key` varchar(255) NOT NULL DEFAULT '' COMMENT '按键号码',
  `process_id` bigint NOT NULL DEFAULT '0' COMMENT '业务流程id',
  `call_id` bigint NOT NULL DEFAULT '0' COMMENT '通话标识id',
  `dtmf_time` bigint NOT NULL DEFAULT '0' COMMENT '按键时间',
  `status` int NOT NULL DEFAULT '1' COMMENT '状态',
  PRIMARY KEY (`id`)
) ENGINE=InnoDB DEFAULT CHARSET=utf8mb4 COLLATE=utf8mb4_0900_ai_ci COMMENT='呼叫按键表';

-- ----------------------------
-- Records of cc_call_dtmf_202111
-- ----------------------------
BEGIN;
COMMIT;

-- ----------------------------
-- Table structure for cc_call_dtmf_202112
-- ----------------------------
DROP TABLE IF EXISTS `cc_call_dtmf_202112`;
CREATE TABLE `cc_call_dtmf_202112` (
  `id` bigint NOT NULL AUTO_INCREMENT COMMENT 'PK',
  `cts` bigint NOT NULL DEFAULT '0' COMMENT '创建时间',
  `dtmf_key` varchar(255) NOT NULL DEFAULT '' COMMENT '按键号码',
  `process_id` bigint NOT NULL DEFAULT '0' COMMENT '业务流程id',
  `call_id` bigint NOT NULL DEFAULT '0' COMMENT '通话标识id',
  `dtmf_time` bigint NOT NULL DEFAULT '0' COMMENT '按键时间',
  `status` int NOT NULL DEFAULT '1' COMMENT '状态',
  PRIMARY KEY (`id`)
) ENGINE=InnoDB DEFAULT CHARSET=utf8mb4 COLLATE=utf8mb4_0900_ai_ci COMMENT='呼叫按键表';

-- ----------------------------
-- Records of cc_call_dtmf_202112
-- ----------------------------
BEGIN;
COMMIT;

-- ----------------------------
-- Table structure for cc_call_log
-- ----------------------------
DROP TABLE IF EXISTS `cc_call_log`;
CREATE TABLE `cc_call_log` (
  `id` bigint NOT NULL AUTO_INCREMENT,
  `cts` bigint NOT NULL DEFAULT '0' COMMENT '落单时间',
  `uts` bigint NOT NULL DEFAULT '0' COMMENT '修改时间',
  `company_id` bigint NOT NULL DEFAULT '0' COMMENT '企业id',
  `call_id` bigint NOT NULL DEFAULT '0' COMMENT '话单id',
  `caller_display` varchar(255) NOT NULL DEFAULT '' COMMENT '主叫显号',
  `caller` varchar(50) NOT NULL DEFAULT '' COMMENT '主叫',
  `called_display` varchar(255) NOT NULL DEFAULT '' COMMENT '被叫显号',
  `called` varchar(50) NOT NULL DEFAULT '' COMMENT '被叫',
  `agent_key` varchar(20) NOT NULL DEFAULT '' COMMENT '坐席',
  `group_id` bigint NOT NULL DEFAULT '0' COMMENT '技能组',
  `login_type` int NOT NULL DEFAULT '1' COMMENT '1:sip号,2:webrtc,3:手机',
  `task_id` bigint NOT NULL DEFAULT '0' COMMENT '任务ID',
  `ivr_id` bigint NOT NULL DEFAULT '0' COMMENT 'ivr',
  `bot_id` bigint NOT NULL DEFAULT '0' COMMENT '机器人id',
  `call_time` bigint NOT NULL DEFAULT '0' COMMENT '呼叫开始时间',
  `answer_time` bigint NOT NULL DEFAULT '0' COMMENT '接听时间',
  `end_time` bigint NOT NULL DEFAULT '0' COMMENT '结束时间',
  `call_type` varchar(32) NOT NULL DEFAULT '' COMMENT '呼叫类型',
  `direction` varchar(32) NOT NULL DEFAULT '' COMMENT '呼叫方向',
  `answer_flag` int NOT NULL DEFAULT '0' COMMENT '通话标识(0:接通,1:坐席未接用户未接,2:坐席接通用户未接通,3:用户接通坐席未接通)',
  `wait_time` bigint NOT NULL DEFAULT '0' COMMENT '累计等待时长',
  `answer_count` int NOT NULL DEFAULT '0' COMMENT '应答设备数',
  `hangup_dir` int NOT NULL DEFAULT '1' COMMENT '挂机方向(1:主叫挂机,2:被叫挂机,3:系统挂机)',
  `hangup_code` int NOT NULL DEFAULT '0' COMMENT '挂机原因',
  `media` varchar(255) NOT NULL DEFAULT '' COMMENT '媒体服务器',
  `host` varchar(255) NOT NULL DEFAULT '' COMMENT 'cti地址',
  `record` varchar(255) NOT NULL DEFAULT '' COMMENT '录音地址',
  `record2` varchar(255) NOT NULL DEFAULT '' COMMENT '备用录音地址',
  `record_time` bigint NOT NULL DEFAULT '0' COMMENT '录音时间',
  `talk_time` bigint NOT NULL DEFAULT '0' COMMENT '通话时长(秒)',
  `frist_queue_time` bigint NOT NULL DEFAULT '0' COMMENT '第一次进队列时间',
  `queue_start_time` bigint NOT NULL DEFAULT '0' COMMENT '进队列时间',
  `queue_end_time` bigint NOT NULL DEFAULT '0' COMMENT '出队列时间',
  `month_time` varchar(50) NOT NULL DEFAULT '' COMMENT '月份',
  `follow_data` varchar(4096) NOT NULL DEFAULT '' COMMENT '通话随路数据(2048)',
  `uuid1` varchar(50) NOT NULL DEFAULT '' COMMENT '扩展1',
  `uuid2` varchar(50) NOT NULL DEFAULT '' COMMENT '扩展2',
  `ext1` varchar(50) NOT NULL DEFAULT '' COMMENT '扩展3',
  `ext2` varchar(50) NOT NULL DEFAULT '' COMMENT '扩展4',
  `ext3` varchar(255) NOT NULL DEFAULT '' COMMENT '扩展5',
  `status` int NOT NULL DEFAULT '1' COMMENT '状态',
  PRIMARY KEY (`id`) USING BTREE,
  UNIQUE KEY `uniq_calllog_call_id` (`call_id`) USING BTREE,
  KEY `idx_calllog_create_time` (`call_time`) USING BTREE,
  KEY `idx_call_log_agent` (`agent_key`),
  KEY `idx_call_log_group` (`group_id`)
) ENGINE=InnoDB AUTO_INCREMENT=75 DEFAULT CHARSET=utf8mb4 COLLATE=utf8mb4_0900_ai_ci COMMENT='话单表';

-- ----------------------------
-- Records of cc_call_log
-- ----------------------------
BEGIN;
INSERT INTO `cc_call_log` VALUES (69, 1638894136443, 1638894174, 1, 256213826427420672, '1001', '871556590425001', '01088889999', '144****0002', '1001@test', 1, 1, 0, 0, 0, 1638894136443, 1638894142863, 1638894174783, 'OUTBOUNT_CALL', 'OUTBOUND', 0, 0, 2, 2, 0, '110.40.188.252:7400', '172.17.0.2:7200', '20211208/00/256213826427420672_8005716278524006.wav', '', 1638894140643, 31920, 0, 0, 0, '', '{\"autoAnswer\":\"true\"}', '123456', '', '', '', '', 1);
INSERT INTO `cc_call_log` VALUES (70, 1638931372187, 1638931416, 1, 256370004457422848, '1001', '871556590425001', '01088889999', '144****0002', '1001@test', 1, 1, 0, 0, 0, 1638931372187, 1638931384883, 1638931416903, 'OUTBOUNT_CALL', 'OUTBOUND', 0, 0, 2, 2, 0, '110.40.188.252:7400', '172.17.0.2:7200', '20211208/10/256370004457422848_9790348716266317.wav', '', 1638931382723, 32020, 0, 0, 0, '', '{\"autoAnswer\":\"true\"}', '123456', '', '', '', '', 1);
INSERT INTO `cc_call_log` VALUES (71, 1638934819739, 1638934856, 1, 256384464538566656, '1001', '871556590425001', '01088889999', '144****0002', '1001@test', 1, 1, 0, 0, 0, 1638934819739, 1638934824243, 1638934856223, 'OUTBOUNT_CALL', 'OUTBOUND', 0, 0, 2, 2, 0, '110.40.188.252:7400', '172.17.0.2:7200', '20211208/11/256384464538566656_5507411614989870.wav', '', 1638934822124, 31980, 0, 0, 0, '', '{\"autoAnswer\":\"true\"}', '123456', '', '', '', '', 1);
INSERT INTO `cc_call_log` VALUES (72, 1638942115057, 1638942153, 1, 256415063320035328, '1001', '871556590425001', '01088889999', '144****0002', '1001@test', 1, 1, 0, 0, 0, 1638942115057, 1638942121163, 1638942153144, 'OUTBOUNT_CALL', 'OUTBOUND', 0, 0, 2, 2, 0, '110.40.188.252:7400', '172.17.0.2:7200', '20211208/13/256415063320035328_9212082554493102.wav', '', 1638942118963, 31981, 0, 0, 0, '', '{\"autoAnswer\":\"true\"}', '123456', '', '', '', '', 1);
INSERT INTO `cc_call_log` VALUES (73, 1638942307804, 1638942346, 1, 256415871759548416, '1001', '871556590425001', '01088889999', '144****0002', '1001@test', 1, 1, 0, 0, 0, 1638942307804, 1638942314025, 1638942346050, 'OUTBOUNT_CALL', 'OUTBOUND', 0, 0, 2, 2, 0, '110.40.188.252:7400', '172.17.0.2:7200', '20211208/13/256415871759548416_5733877830451397.wav', '', 1638942311783, 32025, 0, 0, 0, '', '{\"autoAnswer\":\"true\"}', '123456', '', '', '', '', 1);
INSERT INTO `cc_call_log` VALUES (74, 1638942689649, 1638942712, 1, 256417473333559296, '1001', '871556590425001', '01088889999', '144****0002', '1001@test', 1, 1, 0, 0, 0, 1638942689649, 1638942695003, 1638942712563, 'OUTBOUNT_CALL', 'OUTBOUND', 0, 0, 2, 1, 0, '110.40.188.252:7400', '172.17.0.2:7200', '20211208/13/256417473333559296_0594653796093086.wav', '', 1638942692884, 17560, 0, 0, 0, '', '{\"autoAnswer\":\"true\"}', '123456', '', '', '', '', 1);
COMMIT;

-- ----------------------------
-- Table structure for cc_call_log_202111
-- ----------------------------
DROP TABLE IF EXISTS `cc_call_log_202111`;
CREATE TABLE `cc_call_log_202111` (
  `id` bigint NOT NULL AUTO_INCREMENT,
  `cts` bigint NOT NULL DEFAULT '0' COMMENT '落单时间',
  `uts` bigint NOT NULL DEFAULT '0' COMMENT '修改时间',
  `company_id` bigint NOT NULL DEFAULT '0' COMMENT '企业id',
  `call_id` bigint NOT NULL DEFAULT '0' COMMENT '话单id',
  `caller_display` varchar(255) NOT NULL DEFAULT '' COMMENT '主叫显号',
  `caller` varchar(50) NOT NULL DEFAULT '' COMMENT '主叫',
  `called_display` varchar(255) NOT NULL DEFAULT '' COMMENT '被叫显号',
  `called` varchar(50) NOT NULL DEFAULT '' COMMENT '被叫',
  `agent_key` varchar(20) NOT NULL DEFAULT '' COMMENT '坐席',
  `group_id` bigint NOT NULL DEFAULT '0' COMMENT '技能组',
  `login_type` int NOT NULL DEFAULT '1' COMMENT '1:sip号,2:webrtc,3:手机',
  `task_id` bigint NOT NULL DEFAULT '0' COMMENT '任务ID',
  `ivr_id` bigint NOT NULL DEFAULT '0' COMMENT 'ivr',
  `bot_id` bigint NOT NULL DEFAULT '0' COMMENT '机器人id',
  `call_time` bigint NOT NULL DEFAULT '0' COMMENT '呼叫开始时间',
  `answer_time` bigint NOT NULL DEFAULT '0' COMMENT '接听时间',
  `end_time` bigint NOT NULL DEFAULT '0' COMMENT '结束时间',
  `call_type` varchar(32) NOT NULL DEFAULT '' COMMENT '呼叫类型',
  `direction` varchar(32) NOT NULL DEFAULT '' COMMENT '呼叫方向',
  `answer_flag` int NOT NULL DEFAULT '0' COMMENT '通话标识(0:接通,1:坐席未接用户未接,2:坐席接通用户未接通,3:用户接通坐席未接通)',
  `wait_time` bigint NOT NULL DEFAULT '0' COMMENT '累计等待时长',
  `answer_count` int NOT NULL DEFAULT '0' COMMENT '应答设备数',
  `hangup_dir` int NOT NULL DEFAULT '1' COMMENT '挂机方向(1:主叫挂机,2:被叫挂机,3:系统挂机)',
  `hangup_code` int NOT NULL DEFAULT '0' COMMENT '挂机原因',
  `media` varchar(255) NOT NULL DEFAULT '' COMMENT '媒体服务器',
  `host` varchar(255) NOT NULL DEFAULT '' COMMENT 'cti地址',
  `record` varchar(255) NOT NULL DEFAULT '' COMMENT '录音地址',
  `record2` varchar(255) NOT NULL DEFAULT '' COMMENT '备用录音地址',
  `record_time` bigint NOT NULL DEFAULT '0' COMMENT '录音时间',
  `talk_time` bigint NOT NULL DEFAULT '0' COMMENT '通话时长(秒)',
  `frist_queue_time` bigint NOT NULL DEFAULT '0' COMMENT '第一次进队列时间',
  `queue_start_time` bigint NOT NULL DEFAULT '0' COMMENT '进队列时间',
  `queue_end_time` bigint NOT NULL DEFAULT '0' COMMENT '出队列时间',
  `month_time` varchar(50) NOT NULL DEFAULT '' COMMENT '月份',
  `follow_data` varchar(4096) NOT NULL DEFAULT '' COMMENT '通话随路数据(2048)',
  `uuid1` varchar(50) NOT NULL DEFAULT '' COMMENT '扩展1',
  `uuid2` varchar(50) NOT NULL DEFAULT '' COMMENT '扩展2',
  `ext1` varchar(50) NOT NULL DEFAULT '' COMMENT '扩展3',
  `ext2` varchar(50) NOT NULL DEFAULT '' COMMENT '扩展4',
  `ext3` varchar(255) NOT NULL DEFAULT '' COMMENT '扩展5',
  `status` int NOT NULL DEFAULT '1' COMMENT '状态',
  PRIMARY KEY (`id`) USING BTREE,
  UNIQUE KEY `idx_calllog_call_id` (`call_id`) USING BTREE,
  KEY `idx_calllog_create_time` (`call_time`) USING BTREE,
  KEY `idx_call_log_agent` (`agent_key`),
  KEY `idx_call_log_group` (`group_id`)
) ENGINE=InnoDB AUTO_INCREMENT=6 DEFAULT CHARSET=utf8mb4 COLLATE=utf8mb4_0900_ai_ci COMMENT='话单表';

-- ----------------------------
-- Records of cc_call_log_202111
-- ----------------------------
BEGIN;
INSERT INTO `cc_call_log_202111` VALUES (1, 1637599459, 1637599490, 1, 250783557650219008, '1001', '871556590425001', '01088889999', '144****0002', '1001@test', 1, 1, 0, 0, 0, 1637599459477, 1637599476443, 1637599490363, 'OUTBOUNT_CALL', 'OUTBOUND', 0, 0, 2, 1, 0, '115.159.101.178:7400', 'localhost:7200', '/app/clpms/record/20211123/250783557650219008_0984609078558493.wav', '', 1637599473683, 13920, 0, 0, 0, '_202111', '{\"autoAnswer\":\"true\"}', '123456', '', '', '', '', 1);
INSERT INTO `cc_call_log_202111` VALUES (2, 1637631364, 1637631481, 1, 250917376822870016, '1001', '871556590425001', '01088889999', '144****0002', '1001@test', 1, 1, 0, 0, 0, 1637631364454, 1637631371223, 1637631481083, 'OUTBOUNT_CALL', 'OUTBOUND', 0, 0, 2, 1, 0, '115.159.101.178:7400', '172.17.0.2:7200', '20211123/09/250917376822870016_9243337907547471.wav', '', 1637631368983, 109860, 0, 0, 0, '_202111', '{\"autoAnswer\":\"true\"}', '123456', '', '', '', '', 1);
INSERT INTO `cc_call_log_202111` VALUES (3, 1637631555, 1637631581, 1, 250918178568273920, '1001', '871556590425001', '01088889999', '144****0002', '1001@test', 1, 1, 0, 0, 0, 1637631555605, 1637631560423, 1637631581764, 'OUTBOUNT_CALL', 'OUTBOUND', 0, 0, 2, 1, 0, '115.159.101.178:7400', '172.17.0.2:7200', '20211123/09/250918178568273920_8722387068338880.wav', '', 1637631558283, 21341, 0, 0, 0, '_202111', '{\"autoAnswer\":\"true\"}', '123456', '', '', '', '', 1);
INSERT INTO `cc_call_log_202111` VALUES (4, 1637631632, 1637631741, 1, 250918502376931328, '1001', '871556590425001', '01088889999', '144****0002', '1001@test', 1, 1, 0, 0, 0, 1637631632807, 1637631637863, 1637631741343, 'OUTBOUNT_CALL', 'OUTBOUND', 0, 0, 2, 1, 0, '115.159.101.178:7400', '172.17.0.2:7200', '20211123/09/250918502376931328_5490718855808603.wav', '', 1637631635743, 103480, 0, 0, 0, '_202111', '{\"autoAnswer\":\"true\"}', '123456', '', '', '', '', 1);
INSERT INTO `cc_call_log_202111` VALUES (5, 1637632339, 1637632431, 1, 250921465854033920, '1001', '871556590425001', '01088889999', '144****0002', '1001@test', 1, 1, 0, 0, 0, 1637632339355, 1637632343827, 1637632431983, 'OUTBOUNT_CALL', 'OUTBOUND', 0, 0, 2, 1, 0, '115.159.101.178:7400', '172.17.0.2:7200', '20211123/09/250921465854033920_4461069893007837.wav', '', 1637632341703, 88156, 0, 0, 0, '_202111', '{\"autoAnswer\":\"true\"}', '123456', '', '', '', '', 1);
COMMIT;

-- ----------------------------
-- Table structure for cc_call_log_202112
-- ----------------------------
DROP TABLE IF EXISTS `cc_call_log_202112`;
CREATE TABLE `cc_call_log_202112` (
  `id` bigint NOT NULL AUTO_INCREMENT,
  `cts` bigint NOT NULL DEFAULT '0' COMMENT '落单时间',
  `uts` bigint NOT NULL DEFAULT '0' COMMENT '修改时间',
  `company_id` bigint NOT NULL DEFAULT '0' COMMENT '企业id',
  `call_id` bigint NOT NULL DEFAULT '0' COMMENT '话单id',
  `caller_display` varchar(255) NOT NULL DEFAULT '' COMMENT '主叫显号',
  `caller` varchar(50) NOT NULL DEFAULT '' COMMENT '主叫',
  `called_display` varchar(255) NOT NULL DEFAULT '' COMMENT '被叫显号',
  `called` varchar(50) NOT NULL DEFAULT '' COMMENT '被叫',
  `agent_key` varchar(20) NOT NULL DEFAULT '' COMMENT '坐席',
  `group_id` bigint NOT NULL DEFAULT '0' COMMENT '技能组',
  `login_type` int NOT NULL DEFAULT '1' COMMENT '1:sip号,2:webrtc,3:手机',
  `task_id` bigint NOT NULL DEFAULT '0' COMMENT '任务ID',
  `ivr_id` bigint NOT NULL DEFAULT '0' COMMENT 'ivr',
  `bot_id` bigint NOT NULL DEFAULT '0' COMMENT '机器人id',
  `call_time` bigint NOT NULL DEFAULT '0' COMMENT '呼叫开始时间',
  `answer_time` bigint NOT NULL DEFAULT '0' COMMENT '接听时间',
  `end_time` bigint NOT NULL DEFAULT '0' COMMENT '结束时间',
  `call_type` varchar(32) NOT NULL DEFAULT '' COMMENT '呼叫类型',
  `direction` varchar(32) NOT NULL DEFAULT '' COMMENT '呼叫方向',
  `answer_flag` int NOT NULL DEFAULT '0' COMMENT '通话标识(0:接通,1:坐席未接用户未接,2:坐席接通用户未接通,3:用户接通坐席未接通)',
  `wait_time` bigint NOT NULL DEFAULT '0' COMMENT '累计等待时长',
  `answer_count` int NOT NULL DEFAULT '0' COMMENT '应答设备数',
  `hangup_dir` int NOT NULL DEFAULT '1' COMMENT '挂机方向(1:主叫挂机,2:被叫挂机,3:系统挂机)',
  `hangup_code` int NOT NULL DEFAULT '0' COMMENT '挂机原因',
  `media` varchar(255) NOT NULL DEFAULT '' COMMENT '媒体服务器',
  `host` varchar(255) NOT NULL DEFAULT '' COMMENT 'cti地址',
  `record` varchar(255) NOT NULL DEFAULT '' COMMENT '录音地址',
  `record2` varchar(255) NOT NULL DEFAULT '' COMMENT '备用录音地址',
  `record_time` bigint NOT NULL DEFAULT '0' COMMENT '录音时间',
  `talk_time` bigint NOT NULL DEFAULT '0' COMMENT '通话时长(秒)',
  `frist_queue_time` bigint NOT NULL DEFAULT '0' COMMENT '第一次进队列时间',
  `queue_start_time` bigint NOT NULL DEFAULT '0' COMMENT '进队列时间',
  `queue_end_time` bigint NOT NULL DEFAULT '0' COMMENT '出队列时间',
  `month_time` varchar(50) NOT NULL DEFAULT '' COMMENT '月份',
  `follow_data` varchar(4096) NOT NULL DEFAULT '' COMMENT '通话随路数据(2048)',
  `uuid1` varchar(50) NOT NULL DEFAULT '' COMMENT '扩展1',
  `uuid2` varchar(50) NOT NULL DEFAULT '' COMMENT '扩展2',
  `ext1` varchar(50) NOT NULL DEFAULT '' COMMENT '扩展3',
  `ext2` varchar(50) NOT NULL DEFAULT '' COMMENT '扩展4',
  `ext3` varchar(255) NOT NULL DEFAULT '' COMMENT '扩展5',
  `status` int NOT NULL DEFAULT '1' COMMENT '状态',
  PRIMARY KEY (`id`) USING BTREE,
  UNIQUE KEY `uniq_calllog_call_id` (`call_id`) USING BTREE,
  KEY `idx_calllog_create_time` (`call_time`) USING BTREE,
  KEY `idx_call_log_agent` (`agent_key`),
  KEY `idx_call_log_group` (`group_id`)
) ENGINE=InnoDB AUTO_INCREMENT=17 DEFAULT CHARSET=utf8mb4 COLLATE=utf8mb4_0900_ai_ci COMMENT='话单表';

-- ----------------------------
-- Records of cc_call_log_202112
-- ----------------------------
BEGIN;
INSERT INTO `cc_call_log_202112` VALUES (1, 1638323492, 1638323700, 1, 253820372699316224, '1001', '871556590425001', '01088889999', '144****0002', '1001@test', 1, 1, 0, 0, 0, 1638323492606, 1638323499704, 1638323700783, 'OUTBOUNT_CALL', 'OUTBOUND', 0, 0, 2, 2, 0, '115.159.101.178:7400', '172.17.0.2:7200', '20211201/09/253820372699316224_3066471398336373.wav', '', 1638323497524, 201079, 0, 0, 0, '_202112', '{\"autoAnswer\":\"true\"}', '123456', '', '', '', '', 1);
INSERT INTO `cc_call_log_202112` VALUES (2, 1638324406, 1638324428, 1, 253824206121205760, '1001', '871556590425001', '01088889999', '144****0002', '1001@test', 1, 1, 0, 0, 0, 1638324406565, 1638324413923, 1638324428844, 'OUTBOUNT_CALL', 'OUTBOUND', 0, 0, 2, 1, 0, '115.159.101.178:7400', '172.17.0.2:7200', '20211201/10/253824206121205760_9571949523968359.wav', '', 1638324411783, 14921, 0, 0, 0, '_202112', '{\"autoAnswer\":\"true\"}', '123456', '', '', '', '', 1);
INSERT INTO `cc_call_log_202112` VALUES (3, 1638324548, 1638324570, 1, 253824803230711808, '1001', '871556590425001', '01088889999', '144****0002', '1001@test', 1, 1, 0, 0, 0, 1638324548927, 1638324554883, 1638324570443, 'OUTBOUNT_CALL', 'OUTBOUND', 0, 0, 2, 1, 0, '115.159.101.178:7400', '172.17.0.2:7200', '20211201/10/253824803230711808_5009466080278106.wav', '', 1638324552623, 15560, 0, 0, 0, '_202112', '{\"autoAnswer\":\"true\"}', '123456', '', '', '', '', 1);
INSERT INTO `cc_call_log_202112` VALUES (4, 1638324594, 1638324608, 1, 253824994813935616, '1001', '871556590425001', '01088889999', '144****0002', '1001@test', 1, 1, 0, 0, 0, 1638324594604, 1638324599203, 1638324608063, 'OUTBOUNT_CALL', 'OUTBOUND', 0, 0, 2, 1, 0, '115.159.101.178:7400', '172.17.0.2:7200', '20211201/10/253824994813935616_7812521696227440.wav', '', 1638324597083, 8860, 0, 0, 0, '_202112', '{\"autoAnswer\":\"true\"}', '123456', '', '', '', '', 1);
INSERT INTO `cc_call_log_202112` VALUES (5, 1638324657, 1638324678, 1, 253825259625512960, '1001', '871556590425001', '01088889999', '144****0002', '1001@test', 1, 1, 0, 0, 0, 1638324657740, 1638324662903, 1638324678683, 'OUTBOUNT_CALL', 'OUTBOUND', 0, 0, 2, 1, 0, '115.159.101.178:7400', '172.17.0.2:7200', '20211201/10/253825259625512960_9542992894239610.wav', '', 1638324660803, 15780, 0, 0, 0, '_202112', '{\"autoAnswer\":\"true\"}', '123456', '', '', '', '', 1);
INSERT INTO `cc_call_log_202112` VALUES (6, 1638324716, 1638324744, 1, 253825505147486208, '1001', '871556590425001', '01088889999', '144****0002', '1001@test', 1, 1, 0, 0, 0, 1638324716277, 1638324721003, 1638324744243, 'OUTBOUNT_CALL', 'OUTBOUND', 0, 0, 2, 1, 0, '115.159.101.178:7400', '172.17.0.2:7200', '20211201/10/253825505147486208_3329522617306741.wav', '', 1638324718903, 23240, 0, 0, 0, '_202112', '{\"autoAnswer\":\"true\"}', '123456', '', '', '', '', 1);
INSERT INTO `cc_call_log_202112` VALUES (7, 1638333083, 1638333109, 1, 253860598054387712, '1001', '871556590425001', '01088889999', '144****0002', '1001@test', 1, 1, 0, 0, 0, 1638333083078, 1638333087503, 1638333109223, 'OUTBOUNT_CALL', 'OUTBOUND', 0, 0, 2, 1, 0, '115.159.101.178:7400', '172.17.0.2:7200', '20211201/12/253860598054387712_4770885005691139.wav', '', 1638333085403, 21720, 0, 0, 0, '_202112', '{\"autoAnswer\":\"true\"}', '123456', '', '', '', '', 1);
INSERT INTO `cc_call_log_202112` VALUES (8, 1638333373, 1638333430, 1, 253861816378064896, '1001', '871556590425001', '01088889999', '144****0002', '1001@test', 1, 1, 0, 0, 0, 1638333373549, 1638333378243, 1638333430603, 'OUTBOUNT_CALL', 'OUTBOUND', 0, 0, 2, 1, 0, '115.159.101.178:7400', 'localhost:7200', '/app/clpms/record/20211201/253861816378064896_2329107762119762_1638333375.wav', '', 1638333375923, 52360, 0, 0, 0, '_202112', '{\"autoAnswer\":\"true\"}', '123456', '', '', '', '', 1);
INSERT INTO `cc_call_log_202112` VALUES (9, 1638333461, 1638333498, 1, 253862183488716800, '1001', '871556590425001', '01088889999', '144****0002', '1001@test', 1, 1, 0, 0, 0, 1638333461075, 1638333467283, 1638333498483, 'OUTBOUNT_CALL', 'OUTBOUND', 0, 0, 2, 1, 0, '115.159.101.178:7400', 'localhost:7200', '/app/clpms/record/20211201/253862183488716800_8317034045241469_1638333463.wav', '', 1638333463423, 31200, 0, 0, 0, '_202112', '{\"autoAnswer\":\"true\"}', '123456', '', '', '', '', 1);
INSERT INTO `cc_call_log_202112` VALUES (10, 1638333531, 1638333552, 1, 253862480248307712, '1001', '871556590425001', '01088889999', '144****0002', '1001@test', 1, 1, 0, 0, 0, 1638333531828, 1638333535903, 1638333552103, 'OUTBOUNT_CALL', 'OUTBOUND', 0, 0, 2, 1, 0, '115.159.101.178:7400', '172.17.0.2:7200', '20211201/12/253862480248307712_9385442095980443.wav', '', 1638333533783, 16200, 0, 0, 0, '_202112', '{\"autoAnswer\":\"true\"}', '123456', '', '', '', '', 1);
INSERT INTO `cc_call_log_202112` VALUES (11, 1638894136, 1638894174, 1, 256213826427420672, '1001', '871556590425001', '01088889999', '144****0002', '1001@test', 1, 1, 0, 0, 0, 1638894136443, 1638894142863, 1638894174783, 'OUTBOUNT_CALL', 'OUTBOUND', 0, 0, 2, 2, 0, '110.40.188.252:7400', '172.17.0.2:7200', '20211208/00/256213826427420672_8005716278524006.wav', '', 1638894140643, 31920, 0, 0, 0, '_202112', '{\"autoAnswer\":\"true\"}', '123456', '', '', '', '', 1);
INSERT INTO `cc_call_log_202112` VALUES (12, 1638931372, 1638931416, 1, 256370004457422848, '1001', '871556590425001', '01088889999', '144****0002', '1001@test', 1, 1, 0, 0, 0, 1638931372187, 1638931384883, 1638931416903, 'OUTBOUNT_CALL', 'OUTBOUND', 0, 0, 2, 2, 0, '110.40.188.252:7400', '172.17.0.2:7200', '20211208/10/256370004457422848_9790348716266317.wav', '', 1638931382723, 32020, 0, 0, 0, '_202112', '{\"autoAnswer\":\"true\"}', '123456', '', '', '', '', 1);
INSERT INTO `cc_call_log_202112` VALUES (13, 1638934819, 1638934856, 1, 256384464538566656, '1001', '871556590425001', '01088889999', '144****0002', '1001@test', 1, 1, 0, 0, 0, 1638934819739, 1638934824243, 1638934856223, 'OUTBOUNT_CALL', 'OUTBOUND', 0, 0, 2, 2, 0, '110.40.188.252:7400', '172.17.0.2:7200', '20211208/11/256384464538566656_5507411614989870.wav', '', 1638934822124, 31980, 0, 0, 0, '_202112', '{\"autoAnswer\":\"true\"}', '123456', '', '', '', '', 1);
INSERT INTO `cc_call_log_202112` VALUES (14, 1638942115, 1638942153, 1, 256415063320035328, '1001', '871556590425001', '01088889999', '144****0002', '1001@test', 1, 1, 0, 0, 0, 1638942115057, 1638942121163, 1638942153144, 'OUTBOUNT_CALL', 'OUTBOUND', 0, 0, 2, 2, 0, '110.40.188.252:7400', '172.17.0.2:7200', '20211208/13/256415063320035328_9212082554493102.wav', '', 1638942118963, 31981, 0, 0, 0, '_202112', '{\"autoAnswer\":\"true\"}', '123456', '', '', '', '', 1);
INSERT INTO `cc_call_log_202112` VALUES (15, 1638942307, 1638942346, 1, 256415871759548416, '1001', '871556590425001', '01088889999', '144****0002', '1001@test', 1, 1, 0, 0, 0, 1638942307804, 1638942314025, 1638942346050, 'OUTBOUNT_CALL', 'OUTBOUND', 0, 0, 2, 2, 0, '110.40.188.252:7400', '172.17.0.2:7200', '20211208/13/256415871759548416_5733877830451397.wav', '', 1638942311783, 32025, 0, 0, 0, '_202112', '{\"autoAnswer\":\"true\"}', '123456', '', '', '', '', 1);
INSERT INTO `cc_call_log_202112` VALUES (16, 1638942689, 1638942712, 1, 256417473333559296, '1001', '871556590425001', '01088889999', '144****0002', '1001@test', 1, 1, 0, 0, 0, 1638942689649, 1638942695003, 1638942712563, 'OUTBOUNT_CALL', 'OUTBOUND', 0, 0, 2, 1, 0, '110.40.188.252:7400', '172.17.0.2:7200', '20211208/13/256417473333559296_0594653796093086.wav', '', 1638942692884, 17560, 0, 0, 0, '_202112', '{\"autoAnswer\":\"true\"}', '123456', '', '', '', '', 1);
COMMIT;

-- ----------------------------
-- Table structure for cc_company
-- ----------------------------
DROP TABLE IF EXISTS `cc_company`;
CREATE TABLE `cc_company` (
  `id` bigint NOT NULL AUTO_INCREMENT COMMENT 'PK',
  `cts` bigint NOT NULL DEFAULT '0' COMMENT '创建时间',
  `uts` bigint NOT NULL DEFAULT '0' COMMENT '修改时间',
  `name` varchar(255) NOT NULL DEFAULT '' COMMENT '名称',
  `id_path` varchar(255) NOT NULL DEFAULT '' COMMENT '父企业ID',
  `pid` bigint NOT NULL DEFAULT '0' COMMENT '父企业',
  `company_code` varchar(255) NOT NULL DEFAULT '' COMMENT '简称',
  `contact` varchar(255) NOT NULL DEFAULT '' COMMENT '联系人',
  `phone` varchar(255) NOT NULL DEFAULT '' COMMENT '电话',
  `balance` bigint NOT NULL DEFAULT '0' COMMENT '金额',
  `bill_type` int NOT NULL DEFAULT '0' COMMENT '1:呼出计费,2:呼入计费,3:双向计费,0:全免费',
  `pay_type` int NOT NULL DEFAULT '0' COMMENT '0:预付费;1:后付费',
  `hidden_customer` int NOT NULL DEFAULT '0' COMMENT '隐藏客户号码(0:不隐藏;1:隐藏)',
  `secret_type` int NOT NULL DEFAULT '1' COMMENT '坐席密码等级',
  `secret_key` varchar(32) NOT NULL DEFAULT '' COMMENT '验证秘钥',
  `ivr_limit` int NOT NULL DEFAULT '50' COMMENT 'IVR通道数',
  `agent_limit` int NOT NULL DEFAULT '50' COMMENT '开通坐席',
  `group_limit` int NOT NULL DEFAULT '10' COMMENT '开通技能组',
  `group_agent_limit` int NOT NULL DEFAULT '1000' COMMENT '单技能组中坐席上限',
  `blacklist` bigint NOT NULL DEFAULT '0' COMMENT '黑名单',
  `notify_url` varchar(255) NOT NULL DEFAULT '' COMMENT '话单回调通知',
  `ext1` varchar(255) NOT NULL DEFAULT '' COMMENT '扩展1',
  `ext2` varchar(255) NOT NULL DEFAULT '' COMMENT '扩展2',
  `ext3` varchar(255) NOT NULL DEFAULT '' COMMENT '扩展3',
  `ext4` varchar(255) NOT NULL DEFAULT '' COMMENT '扩展4',
  `ext5` varchar(255) NOT NULL DEFAULT '' COMMENT '扩展5',
  `status` int NOT NULL DEFAULT '1' COMMENT '状态(1:启用,0:未启用)',
  PRIMARY KEY (`id`),
  UNIQUE KEY `company_unqidx_name` (`name`),
  UNIQUE KEY `company_unqidx_code` (`company_code`)
) ENGINE=InnoDB AUTO_INCREMENT=17 DEFAULT CHARSET=utf8mb4 COLLATE=utf8mb4_0900_ai_ci COMMENT='企业信息表';

-- ----------------------------
-- Records of cc_company
-- ----------------------------
BEGIN;
INSERT INTO `cc_company` VALUES (1, 1604503580, 1604503580, 'test企业', '', 0, 'test', 'test', '18612983191', 1, 0, 1, 1, 1, '', 50, 5000, 20, 1000, 0, 'https://ccdemo.acloudcc.com/push/push/forcePush/pushTest', '', '', '', '', '', 1);
INSERT INTO `cc_company` VALUES (2, 0, 1619796030, '20210430-delLwqXnW', '', 1, 'test2', '曹亮', '', 0, 0, 0, 1, 1, 'djJHDuy34r87du34', 50, 50, 10, 1000, 0, '', '', '', '', '', '', 0);
INSERT INTO `cc_company` VALUES (15, 0, 1619797353, 'aaaa-delcSJeGY', '', 0, 'acscwe-delIqjPqn', '', '', 0, 0, 0, 1, 1, '', 50, 50, 10, 1000, 0, '', '', '', '', '', '', 0);
INSERT INTO `cc_company` VALUES (16, 0, 0, 'aaaa', '', 0, 'acscwe', '', '', 0, 0, 0, 1, 1, '', 50, 50, 10, 1000, 0, '', '', '', '', '', '', 1);
COMMIT;

-- ----------------------------
-- Table structure for cc_company_display
-- ----------------------------
DROP TABLE IF EXISTS `cc_company_display`;
CREATE TABLE `cc_company_display` (
  `id` bigint NOT NULL AUTO_INCREMENT COMMENT 'PK',
  `cts` bigint NOT NULL DEFAULT '0' COMMENT '创建时间',
  `uts` bigint NOT NULL DEFAULT '0' COMMENT '修改时间',
  `company_id` bigint NOT NULL DEFAULT '0' COMMENT '企业id',
  `name` varchar(255) NOT NULL DEFAULT '' COMMENT '号码池',
  `type` int NOT NULL DEFAULT '0' COMMENT '1:主叫显号,2:被叫显号',
  `status` int NOT NULL DEFAULT '1' COMMENT '状态',
  PRIMARY KEY (`id`),
  KEY `uni_idx_company_display` (`company_id`,`name`)
) ENGINE=InnoDB AUTO_INCREMENT=21 DEFAULT CHARSET=utf8mb4 COLLATE=utf8mb4_0900_ai_ci COMMENT='号码池表';

-- ----------------------------
-- Records of cc_company_display
-- ----------------------------
BEGIN;
INSERT INTO `cc_company_display` VALUES (1, 1604503580, 1604503580, 1, '呼入号码池', 1, 1);
INSERT INTO `cc_company_display` VALUES (2, 1604503580, 1624463394, 1, '主叫外显-deleEwjrg', 2, 0);
INSERT INTO `cc_company_display` VALUES (3, 1604503580, 1624464161, 1, '被叫外显-delUKKKkq', 3, 0);
INSERT INTO `cc_company_display` VALUES (4, 1624443516, 0, 0, '主机号码池', 2, 1);
INSERT INTO `cc_company_display` VALUES (5, 1624443589, 0, 0, '主机号码池1', 2, 1);
INSERT INTO `cc_company_display` VALUES (6, 1624443849, 0, 0, '主机号码池12', 2, 1);
INSERT INTO `cc_company_display` VALUES (7, 1624445273, 0, 0, '主机号码池12222', 2, 1);
INSERT INTO `cc_company_display` VALUES (8, 1624445321, 0, 0, '主机号码池1212', 2, 1);
INSERT INTO `cc_company_display` VALUES (9, 1624445604, 0, 0, '主机号码池1213', 2, 1);
INSERT INTO `cc_company_display` VALUES (10, 1624445968, 0, 0, '主机号码池1214', 2, 1);
INSERT INTO `cc_company_display` VALUES (11, 1624451930, 0, 0, '主机号码池124', 2, 1);
INSERT INTO `cc_company_display` VALUES (12, 1624452041, 0, 0, '主机号码池224', 2, 1);
INSERT INTO `cc_company_display` VALUES (13, 1624452196, 0, 0, '主机号码池324', 2, 1);
INSERT INTO `cc_company_display` VALUES (14, 1624452379, 0, 0, '主机号码池321', 2, 1);
INSERT INTO `cc_company_display` VALUES (17, 1624452723, 0, 0, '主机号码池3211', 2, 1);
INSERT INTO `cc_company_display` VALUES (18, 1624452836, 0, 0, '主机号码池3333', 2, 1);
INSERT INTO `cc_company_display` VALUES (19, 1624453002, 0, 0, '主机号码池33331', 2, 1);
INSERT INTO `cc_company_display` VALUES (20, 1624453280, 0, 0, '主机号码池333331', 2, 1);
COMMIT;

-- ----------------------------
-- Table structure for cc_company_phone
-- ----------------------------
DROP TABLE IF EXISTS `cc_company_phone`;
CREATE TABLE `cc_company_phone` (
  `id` bigint NOT NULL AUTO_INCREMENT COMMENT 'PK',
  `cts` bigint NOT NULL DEFAULT '0' COMMENT '创建时间',
  `uts` bigint NOT NULL DEFAULT '0' COMMENT '修改时间',
  `company_id` bigint NOT NULL DEFAULT '0' COMMENT '企业id',
  `phone` varchar(255) NOT NULL DEFAULT '' COMMENT '号码',
  `type` int NOT NULL DEFAULT '0' COMMENT '1:呼入号码,2:主叫显号,3:被叫显号',
  `status` int NOT NULL DEFAULT '1' COMMENT '1:未启用,2:启用',
  PRIMARY KEY (`id`),
  UNIQUE KEY `uni_idx_companyphone_phone` (`company_id`,`phone`,`type`),
  KEY `idx_companyhpone_company_id` (`company_id`)
) ENGINE=InnoDB AUTO_INCREMENT=5 DEFAULT CHARSET=utf8mb4 COLLATE=utf8mb4_0900_ai_ci COMMENT='企业号码';

-- ----------------------------
-- Records of cc_company_phone
-- ----------------------------
BEGIN;
INSERT INTO `cc_company_phone` VALUES (1, 1604503580, 1638932067, 1, '18800010003', 1, 0);
INSERT INTO `cc_company_phone` VALUES (2, 1604503580, 1604503580, 1, '01012345678', 2, 1);
INSERT INTO `cc_company_phone` VALUES (3, 1604503580, 1604503580, 1, '01088889999', 3, 1);
COMMIT;

-- ----------------------------
-- Table structure for cc_company_phone_group
-- ----------------------------
DROP TABLE IF EXISTS `cc_company_phone_group`;
CREATE TABLE `cc_company_phone_group` (
  `id` bigint NOT NULL AUTO_INCREMENT COMMENT 'PK',
  `cts` bigint NOT NULL DEFAULT '0' COMMENT '创建时间',
  `uts` bigint NOT NULL DEFAULT '0' COMMENT '修改时间',
  `company_id` bigint NOT NULL DEFAULT '0' COMMENT '企业ID',
  `display_id` bigint NOT NULL DEFAULT '0' COMMENT '号码池id',
  `phone_id` bigint NOT NULL DEFAULT '0' COMMENT '号码id',
  PRIMARY KEY (`id`)
) ENGINE=InnoDB AUTO_INCREMENT=28 DEFAULT CHARSET=utf8mb4 COLLATE=utf8mb4_0900_ai_ci COMMENT='技能组号码池';

-- ----------------------------
-- Records of cc_company_phone_group
-- ----------------------------
BEGIN;
INSERT INTO `cc_company_phone_group` VALUES (1, 1624452836, 0, 0, 0, 1);
INSERT INTO `cc_company_phone_group` VALUES (2, 1624452836, 0, 0, 0, 3);
INSERT INTO `cc_company_phone_group` VALUES (3, 1624452836, 0, 0, 0, 4);
INSERT INTO `cc_company_phone_group` VALUES (4, 1624452836, 0, 0, 0, 5);
INSERT INTO `cc_company_phone_group` VALUES (5, 1624453002, 0, 0, 0, 1);
INSERT INTO `cc_company_phone_group` VALUES (6, 1624453037, 0, 0, 0, 3);
INSERT INTO `cc_company_phone_group` VALUES (7, 1624453037, 0, 0, 0, 4);
INSERT INTO `cc_company_phone_group` VALUES (8, 1624453037, 0, 0, 0, 5);
INSERT INTO `cc_company_phone_group` VALUES (9, 1624453280, 0, 0, 20, 1);
INSERT INTO `cc_company_phone_group` VALUES (10, 1624453304, 0, 0, 20, 3);
INSERT INTO `cc_company_phone_group` VALUES (11, 1624453304, 0, 0, 20, 4);
INSERT INTO `cc_company_phone_group` VALUES (12, 1624453304, 0, 0, 20, 5);
INSERT INTO `cc_company_phone_group` VALUES (25, 1624463566, 0, 0, 2, 1);
INSERT INTO `cc_company_phone_group` VALUES (26, 1624463566, 0, 0, 2, 3);
INSERT INTO `cc_company_phone_group` VALUES (27, 1624463566, 0, 0, 2, 4);
COMMIT;

-- ----------------------------
-- Table structure for cc_company_stat
-- ----------------------------
DROP TABLE IF EXISTS `cc_company_stat`;
CREATE TABLE `cc_company_stat` (
  `id` bigint NOT NULL AUTO_INCREMENT COMMENT 'PK',
  `cts` bigint NOT NULL DEFAULT '0' COMMENT '创建时间',
  `uts` bigint NOT NULL DEFAULT '0' COMMENT '修改时间',
  `company_id` bigint NOT NULL DEFAULT '0' COMMENT '企业id',
  `type` int NOT NULL DEFAULT '1' COMMENT '报表类型(1:坐席报表)',
  `status` int NOT NULL DEFAULT '1' COMMENT '是否企业(1:启用;0:不启用)',
  PRIMARY KEY (`id`),
  UNIQUE KEY `idx_com_stat_type` (`company_id`,`type`)
) ENGINE=InnoDB AUTO_INCREMENT=2 DEFAULT CHARSET=utf8mb3;

-- ----------------------------
-- Records of cc_company_stat
-- ----------------------------
BEGIN;
INSERT INTO `cc_company_stat` VALUES (1, 2, 1, 1, 1, 1);
COMMIT;

-- ----------------------------
-- Table structure for cc_group
-- ----------------------------
DROP TABLE IF EXISTS `cc_group`;
CREATE TABLE `cc_group` (
  `id` bigint NOT NULL AUTO_INCREMENT COMMENT 'PK',
  `cts` bigint NOT NULL DEFAULT '0' COMMENT '新增时间',
  `uts` bigint NOT NULL DEFAULT '0' COMMENT '修改时间',
  `company_id` bigint NOT NULL DEFAULT '0' COMMENT '企业ID',
  `name` varchar(20) NOT NULL DEFAULT '' COMMENT '技能组名称',
  `after_interval` int NOT NULL DEFAULT '5' COMMENT '话后自动空闲时长',
  `caller_display_id` bigint NOT NULL DEFAULT '0' COMMENT '主叫显号号码池',
  `called_display_id` bigint NOT NULL DEFAULT '0' COMMENT '被叫显号号码池',
  `record_type` int NOT NULL DEFAULT '1' COMMENT '1:振铃录音,2:接通录音',
  `level_value` int NOT NULL DEFAULT '1' COMMENT '技能组优先级',
  `tts_engine` bigint NOT NULL DEFAULT '0' COMMENT 'tts引擎id',
  `play_content` varchar(100) NOT NULL DEFAULT '' COMMENT '转坐席时播放内容',
  `evaluate` bigint NOT NULL DEFAULT '0' COMMENT '转服务评价(0:否,1:是)',
  `queue_play` bigint NOT NULL DEFAULT '0' COMMENT '排队音',
  `transfer_play` bigint NOT NULL DEFAULT '0' COMMENT '转接提示音',
  `group_type` int NOT NULL DEFAULT '0' COMMENT '技能组类型',
  `notify_position` int NOT NULL DEFAULT '0' COMMENT '0:不播放排队位置,1:播放排队位置',
  `notify_rate` int NOT NULL DEFAULT '10' COMMENT '频次',
  `notify_content` varchar(255) NOT NULL DEFAULT '' COMMENT '您前面还有$位用户在等待',
  `call_memory` int NOT NULL DEFAULT '1' COMMENT '主叫记忆(1:开启,0:不开启)',
  `ext1` varchar(50) NOT NULL DEFAULT '' COMMENT '扩展1',
  `ext2` varchar(50) NOT NULL DEFAULT '' COMMENT '扩展2',
  `ext3` varchar(50) NOT NULL DEFAULT '' COMMENT '扩展3',
  `ext4` varchar(50) NOT NULL DEFAULT '' COMMENT '扩展4',
  `ext5` varchar(50) NOT NULL DEFAULT '' COMMENT '扩展5',
  `status` int NOT NULL DEFAULT '1' COMMENT '状态',
  PRIMARY KEY (`id`) USING BTREE,
  UNIQUE KEY `uniq_idx_company_name` (`company_id`,`name`) USING BTREE
) ENGINE=InnoDB AUTO_INCREMENT=26 DEFAULT CHARSET=utf8mb4 COLLATE=utf8mb4_0900_ai_ci COMMENT='技能组表';

-- ----------------------------
-- Records of cc_group
-- ----------------------------
BEGIN;
INSERT INTO `cc_group` VALUES (1, 1604503580, 1638965051, 1, '测试技能组-delDwLywI', 5, 0, 0, 1, 1, 0, '0', 0, 0, 0, 0, 1, 10, '0', 1, '', '', '', '', '', 0);
INSERT INTO `cc_group` VALUES (2, 1621556151, 1638965054, 1, '测试技能组1-dellqdGSA', 5, 0, 0, 1, 1, 0, '0', 0, 0, 0, 1, 1, 10, '0', 1, '', '', '', '', '', 0);
INSERT INTO `cc_group` VALUES (25, 1639063337, 0, 1, '测试技能组', 5, 0, 0, 1, 1, 0, '', 0, 0, 0, 1, 1, 10, '0', 1, '', '', '', '', '', 1);
COMMIT;

-- ----------------------------
-- Table structure for cc_group_agent_strategy
-- ----------------------------
DROP TABLE IF EXISTS `cc_group_agent_strategy`;
CREATE TABLE `cc_group_agent_strategy` (
  `id` bigint NOT NULL AUTO_INCREMENT COMMENT 'PK',
  `cts` bigint NOT NULL DEFAULT '0' COMMENT ' 创建时间',
  `uts` bigint NOT NULL DEFAULT '0' COMMENT '修改时间',
  `company_id` bigint NOT NULL DEFAULT '0' COMMENT '企业ID',
  `group_id` bigint NOT NULL DEFAULT '0' COMMENT '技能组id',
  `strategy_type` int NOT NULL DEFAULT '1' COMMENT '1:内置策略,2:自定义',
  `strategy_value` int NOT NULL DEFAULT '1' COMMENT '(1最长空闲时间、2最长平均空闲、3最少应答次数、4最少通话时长、5最长话后时长、6轮选、7随机)',
  `custom_expression` varchar(255) NOT NULL DEFAULT '' COMMENT '自定义表达式',
  `status` int NOT NULL DEFAULT '1',
  PRIMARY KEY (`id`)
) ENGINE=InnoDB AUTO_INCREMENT=2 DEFAULT CHARSET=utf8mb4 COLLATE=utf8mb4_0900_ai_ci COMMENT='技能组中坐席分配策略';

-- ----------------------------
-- Records of cc_group_agent_strategy
-- ----------------------------
BEGIN;
INSERT INTO `cc_group_agent_strategy` VALUES (1, 1, 1, 1, 1, 1, 1, '', 1);
COMMIT;

-- ----------------------------
-- Table structure for cc_group_memory
-- ----------------------------
DROP TABLE IF EXISTS `cc_group_memory`;
CREATE TABLE `cc_group_memory` (
  `id` bigint NOT NULL AUTO_INCREMENT COMMENT 'PK',
  `cts` bigint NOT NULL DEFAULT '0' COMMENT '创建时间',
  `uts` bigint NOT NULL DEFAULT '0' COMMENT '修改时间',
  `company_id` bigint NOT NULL DEFAULT '0' COMMENT '企业ID',
  `agent_key` varchar(32) NOT NULL DEFAULT '' COMMENT '坐席',
  `group_id` bigint NOT NULL DEFAULT '0' COMMENT '技能组ID',
  `phone` varchar(255) NOT NULL DEFAULT '' COMMENT '客户电话',
  `status` int NOT NULL DEFAULT '1' COMMENT '状态',
  PRIMARY KEY (`id`),
  UNIQUE KEY `unq_idx_group_id` (`group_id`,`phone`,`agent_key`)
) ENGINE=InnoDB DEFAULT CHARSET=utf8mb4 COLLATE=utf8mb4_0900_ai_ci COMMENT='坐席与客户记忆表';

-- ----------------------------
-- Records of cc_group_memory
-- ----------------------------
BEGIN;
COMMIT;

-- ----------------------------
-- Table structure for cc_group_memory_config
-- ----------------------------
DROP TABLE IF EXISTS `cc_group_memory_config`;
CREATE TABLE `cc_group_memory_config` (
  `id` bigint NOT NULL AUTO_INCREMENT COMMENT 'PK',
  `uts` bigint NOT NULL DEFAULT '0' COMMENT '创建时间',
  `cts` bigint NOT NULL DEFAULT '0' COMMENT '修改时间',
  `company_id` bigint NOT NULL DEFAULT '0' COMMENT '企业ID',
  `group_id` bigint NOT NULL DEFAULT '0' COMMENT '技能组ID',
  `success_strategy` int NOT NULL DEFAULT '0' COMMENT '匹配成功策略',
  `success_strategy_value` bigint NOT NULL DEFAULT '0' COMMENT '匹配成功策略值',
  `fail_strategy` int NOT NULL DEFAULT '0' COMMENT '匹配失败策略',
  `fail_strategy_value` bigint NOT NULL DEFAULT '0' COMMENT '匹配失败策略值',
  `memory_day` int NOT NULL DEFAULT '30' COMMENT '记忆天数',
  `inbound_cover` int NOT NULL DEFAULT '0' COMMENT '呼入覆盖',
  `outbound_cover` int NOT NULL DEFAULT '0' COMMENT '外呼覆盖',
  `status` int NOT NULL DEFAULT '1',
  PRIMARY KEY (`id`),
  UNIQUE KEY `uni_idx_group` (`group_id`)
) ENGINE=InnoDB DEFAULT CHARSET=utf8mb4 COLLATE=utf8mb4_0900_ai_ci COMMENT='技能组坐席记忆配置表';

-- ----------------------------
-- Records of cc_group_memory_config
-- ----------------------------
BEGIN;
COMMIT;

-- ----------------------------
-- Table structure for cc_group_overflow
-- ----------------------------
DROP TABLE IF EXISTS `cc_group_overflow`;
CREATE TABLE `cc_group_overflow` (
  `id` bigint NOT NULL AUTO_INCREMENT COMMENT 'PK',
  `cts` bigint NOT NULL DEFAULT '0' COMMENT '创建时间',
  `uts` bigint NOT NULL DEFAULT '0' COMMENT '修改时间',
  `group_id` bigint NOT NULL DEFAULT '0' COMMENT '技能组ID',
  `overflow_id` bigint NOT NULL DEFAULT '0' COMMENT '溢出策略ID',
  `level_value` int NOT NULL DEFAULT '1' COMMENT '优先级',
  `status` int NOT NULL DEFAULT '1' COMMENT '状态',
  PRIMARY KEY (`id`),
  UNIQUE KEY `uni_idx_group_overflow` (`group_id`,`overflow_id`)
) ENGINE=InnoDB AUTO_INCREMENT=2 DEFAULT CHARSET=utf8mb4 COLLATE=utf8mb4_0900_ai_ci COMMENT='技能组排队策略表';

-- ----------------------------
-- Records of cc_group_overflow
-- ----------------------------
BEGIN;
INSERT INTO `cc_group_overflow` VALUES (1, 1, 1, 1, 1, 1, 1);
COMMIT;

-- ----------------------------
-- Table structure for cc_group_strategy_exp
-- ----------------------------
DROP TABLE IF EXISTS `cc_group_strategy_exp`;
CREATE TABLE `cc_group_strategy_exp` (
  `id` bigint NOT NULL AUTO_INCREMENT COMMENT 'PK',
  `cts` bigint NOT NULL DEFAULT '0' COMMENT '创建时间',
  `uts` bigint NOT NULL DEFAULT '0' COMMENT '修改时间',
  `company_id` bigint NOT NULL DEFAULT '0' COMMENT '企业ID',
  `group_id` bigint NOT NULL DEFAULT '0' COMMENT '技能组id',
  `strategy_key` varchar(20) NOT NULL DEFAULT '' COMMENT '自定义值',
  `strategy_present` int NOT NULL DEFAULT '1' COMMENT '百分百',
  `strategy_type` int NOT NULL DEFAULT '1' COMMENT '类型',
  `status` int NOT NULL DEFAULT '1' COMMENT '状态',
  PRIMARY KEY (`id`)
) ENGINE=InnoDB AUTO_INCREMENT=3 DEFAULT CHARSET=utf8mb4 COLLATE=utf8mb4_0900_ai_ci COMMENT='坐席自定义策略表';

-- ----------------------------
-- Records of cc_group_strategy_exp
-- ----------------------------
BEGIN;
INSERT INTO `cc_group_strategy_exp` VALUES (1, 1, 1, 1, 1, '1', 1, 1, 1);
INSERT INTO `cc_group_strategy_exp` VALUES (2, 2, 2, 1, 1, '2', 2, 2, 1);
COMMIT;

-- ----------------------------
-- Table structure for cc_overflow_config
-- ----------------------------
DROP TABLE IF EXISTS `cc_overflow_config`;
CREATE TABLE `cc_overflow_config` (
  `id` bigint NOT NULL AUTO_INCREMENT COMMENT 'PK',
  `cts` bigint DEFAULT '0' COMMENT '创建时间',
  `uts` bigint DEFAULT '0' COMMENT '修改时间',
  `company_id` bigint DEFAULT '0' COMMENT '企业id',
  `name` varchar(255) NOT NULL DEFAULT '' COMMENT '名称',
  `handle_type` int NOT NULL DEFAULT '1' COMMENT '1:排队,2:溢出,3:挂机',
  `busy_type` int DEFAULT '1' COMMENT '排队方式(1:先进先出,2:vip,3:自定义)',
  `queue_timeout` int DEFAULT '60' COMMENT '排队超时时间',
  `busy_timeout_type` int DEFAULT '1' COMMENT '排队超时(1:溢出,2:挂机)',
  `overflow_type` int DEFAULT '1' COMMENT '溢出(1:group,2:ivr,3:vdn)',
  `overflow_value` int DEFAULT '0' COMMENT '溢出值',
  `lineup_expression` varchar(255) DEFAULT '' COMMENT '自定义排队表达式',
  PRIMARY KEY (`id`),
  UNIQUE KEY `uni_idx_name` (`company_id`,`name`)
) ENGINE=InnoDB AUTO_INCREMENT=2 DEFAULT CHARSET=utf8mb4 COLLATE=utf8mb4_0900_ai_ci COMMENT='溢出策略表';

-- ----------------------------
-- Records of cc_overflow_config
-- ----------------------------
BEGIN;
INSERT INTO `cc_overflow_config` VALUES (1, 1, 1, 1, '排队60秒', 1, 1, 60, 2, 1, 0, '');
COMMIT;

-- ----------------------------
-- Table structure for cc_overflow_exp
-- ----------------------------
DROP TABLE IF EXISTS `cc_overflow_exp`;
CREATE TABLE `cc_overflow_exp` (
  `id` bigint NOT NULL AUTO_INCREMENT COMMENT 'PK',
  `cts` bigint NOT NULL DEFAULT '0' COMMENT '创建时间',
  `uts` bigint NOT NULL DEFAULT '0' COMMENT '修改时间',
  `company_id` bigint NOT NULL DEFAULT '0' COMMENT '企业ID',
  `overflow_id` bigint NOT NULL DEFAULT '0' COMMENT '溢出策略ID',
  `exp_key` varchar(30) NOT NULL DEFAULT '' COMMENT '自定义值',
  `rate` int NOT NULL DEFAULT '1' COMMENT '权重',
  `status` int NOT NULL DEFAULT '1' COMMENT '状态',
  PRIMARY KEY (`id`)
) ENGINE=InnoDB DEFAULT CHARSET=utf8mb4 COLLATE=utf8mb4_0900_ai_ci COMMENT='自定义溢出策略优先级';

-- ----------------------------
-- Records of cc_overflow_exp
-- ----------------------------
BEGIN;
COMMIT;

-- ----------------------------
-- Table structure for cc_overflow_front
-- ----------------------------
DROP TABLE IF EXISTS `cc_overflow_front`;
CREATE TABLE `cc_overflow_front` (
  `id` bigint NOT NULL AUTO_INCREMENT COMMENT 'PK',
  `cts` bigint NOT NULL DEFAULT '0' COMMENT '创建时间',
  `uts` bigint NOT NULL DEFAULT '0' COMMENT '修改时间',
  `company_id` bigint NOT NULL DEFAULT '0' COMMENT '企业ID',
  `overflow_id` bigint NOT NULL DEFAULT '0' COMMENT '策略ID',
  `front_type` int NOT NULL DEFAULT '1' COMMENT '1:队列长度; 2:队列等待最大时长; 3:呼损率',
  `compare_condition` int NOT NULL DEFAULT '0' COMMENT '0:全部; 1:小于或等于; 2:等于; 3:大于或等于; 4:大于',
  `rank_value_start` int NOT NULL DEFAULT '0',
  `rank_value` int NOT NULL DEFAULT '0' COMMENT '符号条件值',
  `status` int NOT NULL DEFAULT '1' COMMENT '状态',
  PRIMARY KEY (`id`)
) ENGINE=InnoDB AUTO_INCREMENT=2 DEFAULT CHARSET=utf8mb4 COLLATE=utf8mb4_0900_ai_ci COMMENT='溢出策略前置条件';

-- ----------------------------
-- Records of cc_overflow_front
-- ----------------------------
BEGIN;
INSERT INTO `cc_overflow_front` VALUES (1, 1, 1, 1, 1, 1, 0, 0, 0, 1);
COMMIT;

-- ----------------------------
-- Table structure for cc_playback
-- ----------------------------
DROP TABLE IF EXISTS `cc_playback`;
CREATE TABLE `cc_playback` (
  `id` bigint NOT NULL AUTO_INCREMENT COMMENT 'PK',
  `cts` bigint NOT NULL DEFAULT '0' COMMENT '创建时间',
  `uts` bigint NOT NULL DEFAULT '0' COMMENT '修改时间',
  `company_id` bigint NOT NULL COMMENT '企业ID',
  `playback` varchar(255) NOT NULL DEFAULT '' COMMENT '放音文件',
  `status` int NOT NULL DEFAULT '1' COMMENT '1:待审核,2:审核通过',
  PRIMARY KEY (`id`)
) ENGINE=InnoDB AUTO_INCREMENT=2 DEFAULT CHARSET=utf8mb4 COLLATE=utf8mb4_0900_ai_ci COMMENT='语音文件表';

-- ----------------------------
-- Records of cc_playback
-- ----------------------------
BEGIN;
INSERT INTO `cc_playback` VALUES (1, 1, 1, 1, '/app/clpms/sounds/222.wav', 2);
COMMIT;

-- ----------------------------
-- Table structure for cc_push_fail_log
-- ----------------------------
DROP TABLE IF EXISTS `cc_push_fail_log`;
CREATE TABLE `cc_push_fail_log` (
  `id` bigint NOT NULL AUTO_INCREMENT COMMENT 'PK',
  `cts` bigint NOT NULL DEFAULT '0' COMMENT '创建时间',
  `uts` bigint NOT NULL DEFAULT '0' COMMENT '修改时间',
  `company_id` bigint NOT NULL DEFAULT '0' COMMENT '企业id',
  `call_id` bigint NOT NULL DEFAULT '0' COMMENT 'callid',
  `cdr_notify_url` varchar(255) CHARACTER SET utf8mb4 COLLATE utf8mb4_0900_ai_ci NOT NULL DEFAULT '' COMMENT '发送次数',
  `content` varchar(10240) CHARACTER SET utf8mb4 COLLATE utf8mb4_0900_ai_ci NOT NULL DEFAULT '' COMMENT '推送内容',
  `push_times` int NOT NULL DEFAULT '1' COMMENT '推送次数',
  `push_response` varchar(255) CHARACTER SET utf8mb4 COLLATE utf8mb4_0900_ai_ci NOT NULL DEFAULT '' COMMENT '推送返回值',
  `status` int NOT NULL DEFAULT '1' COMMENT '状态(1:推送，0:不推送)',
  PRIMARY KEY (`id`)
) ENGINE=InnoDB AUTO_INCREMENT=41 DEFAULT CHARSET=utf8mb4 COLLATE=utf8mb4_0900_ai_ci COMMENT='话单推送记录表';

-- ----------------------------
-- Records of cc_push_fail_log
-- ----------------------------
BEGIN;
COMMIT;

-- ----------------------------
-- Table structure for cc_route_call
-- ----------------------------
DROP TABLE IF EXISTS `cc_route_call`;
CREATE TABLE `cc_route_call` (
  `id` bigint NOT NULL AUTO_INCREMENT COMMENT 'PK',
  `cts` bigint NOT NULL DEFAULT '0' COMMENT '创建时间',
  `uts` bigint NOT NULL DEFAULT '0' COMMENT '修改时间',
  `company_id` bigint NOT NULL DEFAULT '0' COMMENT '所属企业',
  `route_group_id` bigint NOT NULL DEFAULT '0' COMMENT '所属路由组',
  `route_num` varchar(32) NOT NULL DEFAULT '' COMMENT '字冠号码',
  `num_max` int NOT NULL DEFAULT '0' COMMENT '最长',
  `num_min` int NOT NULL DEFAULT '0' COMMENT '最短',
  `caller_change` int NOT NULL DEFAULT '0' COMMENT '主叫替换规则',
  `caller_change_num` varchar(32) NOT NULL DEFAULT '' COMMENT '替换号码',
  `called_change` int NOT NULL DEFAULT '0' COMMENT '被叫替换规则',
  `called_change_num` varchar(32) NOT NULL DEFAULT '' COMMENT '替换号码',
  `status` int NOT NULL DEFAULT '1' COMMENT '状态',
  PRIMARY KEY (`id`) USING BTREE,
  KEY `unq_idx_route` (`company_id`,`route_num`)
) ENGINE=InnoDB AUTO_INCREMENT=11 DEFAULT CHARSET=utf8mb4 COLLATE=utf8mb4_0900_ai_ci COMMENT='字冠路由表';

-- ----------------------------
-- Records of cc_route_call
-- ----------------------------
BEGIN;
INSERT INTO `cc_route_call` VALUES (1, 1, 1, 1, 1, '87', 9, 4, 0, '1', 1, '1', 1);
INSERT INTO `cc_route_call` VALUES (2, 1, 1, 1, 2, '133', 9, 4, 0, '1 ', 1, '1', 1);
INSERT INTO `cc_route_call` VALUES (4, 1, 1, 1, 1, '18899998889', 9, 4, 0, '1', 1, '1', 1);
INSERT INTO `cc_route_call` VALUES (7, 1, 1, 1, 4, '18899998887', 9, 4, 0, '1', 0, '1', 1);
INSERT INTO `cc_route_call` VALUES (8, 1, 1, 1, 5, '144', 11, 4, 0, '1', 0, '', 1);
INSERT INTO `cc_route_call` VALUES (9, 1621915277, 1621923862, 1, 2, '18988889999', 32, 2, 0, '1', 0, '1', 0);
INSERT INTO `cc_route_call` VALUES (10, 1621923239, 0, 1, 1, '1889999888999', 9, 4, 0, '1', 1, '1', 1);
COMMIT;

-- ----------------------------
-- Table structure for cc_route_getway
-- ----------------------------
DROP TABLE IF EXISTS `cc_route_getway`;
CREATE TABLE `cc_route_getway` (
  `id` bigint NOT NULL AUTO_INCREMENT COMMENT 'PK',
  `cts` bigint NOT NULL DEFAULT '0' COMMENT '创建时间',
  `uts` bigint NOT NULL DEFAULT '0' COMMENT '修改时间',
  `name` varchar(255) NOT NULL DEFAULT '' COMMENT '号码',
  `media_host` varchar(255) NOT NULL DEFAULT '' COMMENT '媒体地址',
  `media_port` int NOT NULL DEFAULT '0' COMMENT '媒体端口',
  `caller_prefix` varchar(255) NOT NULL DEFAULT '' COMMENT '主叫号码前缀',
  `called_prefix` varchar(255) NOT NULL DEFAULT '' COMMENT '被叫号码前缀',
  `profile` varchar(255) NOT NULL DEFAULT '' COMMENT 'fs的context规则',
  `sip_header1` varchar(255) NOT NULL DEFAULT '' COMMENT 'sip头1',
  `sip_header2` varchar(255) NOT NULL DEFAULT '' COMMENT 'sip头2',
  `sip_header3` varchar(255) NOT NULL DEFAULT '' COMMENT 'sip头3',
  `status` int NOT NULL DEFAULT '1' COMMENT '状态',
  PRIMARY KEY (`id`),
  UNIQUE KEY `uindex_getway_name` (`name`)
) ENGINE=InnoDB AUTO_INCREMENT=23 DEFAULT CHARSET=utf8mb4 COLLATE=utf8mb4_0900_ai_ci COMMENT='媒体网关表';

-- ----------------------------
-- Records of cc_route_getway
-- ----------------------------
BEGIN;
INSERT INTO `cc_route_getway` VALUES (1, 1604503580, 1604503580, '87', '172.17.0.2', 6685, '', '', 'external', '', '', '', 1);
INSERT INTO `cc_route_getway` VALUES (2, 1604503580, 1604503580, '133', '192.168.180.37', 5080, '', '', 'external', '', '', '', 1);
INSERT INTO `cc_route_getway` VALUES (3, 1604503580, 1604503580, 'auto87', '192.168.180.226', 38915, '', '', 'external', '', '', '', 1);
INSERT INTO `cc_route_getway` VALUES (5, 1604503580, 1621856137, '1441', '172.17.0.2', 32460, '', '', 'external', 'P_CALL_ID:A4', '', '', 1);
INSERT INTO `cc_route_getway` VALUES (14, 1621850816, 0, '183clpss', '192.168.177.183', 1111, '', '', 'external', '', '', '', 1);
INSERT INTO `cc_route_getway` VALUES (16, 1621851435, 1621851612, '183clps1s-delRxNYpt', '192.168.177.183-deljefAWM', 1111, '', '', 'external', '', '', '', 0);
INSERT INTO `cc_route_getway` VALUES (17, 1621856177, 0, '183clps1s', '192.168.177.183', 1111, '', '', 'external', '', '', '', 1);
INSERT INTO `cc_route_getway` VALUES (21, 1621921932, 0, '183clps1s2', '192.168.177.183', 11111, '', '', 'external', '', '', '', 1);
INSERT INTO `cc_route_getway` VALUES (22, 1627392056, 0, '183clpsa1s2', '192.168.177.183', 11111, '', '', 'external', '', '', '', 1);
COMMIT;

-- ----------------------------
-- Table structure for cc_route_getway_group
-- ----------------------------
DROP TABLE IF EXISTS `cc_route_getway_group`;
CREATE TABLE `cc_route_getway_group` (
  `id` bigint NOT NULL AUTO_INCREMENT COMMENT 'PK',
  `cts` bigint NOT NULL DEFAULT '0' COMMENT '创建时间',
  `uts` bigint NOT NULL DEFAULT '0' COMMENT '修改时间',
  `getway_id` bigint NOT NULL DEFAULT '0' COMMENT '媒体网关',
  `route_group_id` bigint NOT NULL DEFAULT '0' COMMENT '网关组',
  PRIMARY KEY (`id`) USING BTREE
) ENGINE=InnoDB AUTO_INCREMENT=27 DEFAULT CHARSET=utf8mb4 COLLATE=utf8mb4_0900_ai_ci COMMENT='路由字冠关联组表';

-- ----------------------------
-- Records of cc_route_getway_group
-- ----------------------------
BEGIN;
INSERT INTO `cc_route_getway_group` VALUES (1, 1, 1, 1, 1);
INSERT INTO `cc_route_getway_group` VALUES (2, 1, 1, 2, 2);
INSERT INTO `cc_route_getway_group` VALUES (3, 1, 1, 5, 3);
INSERT INTO `cc_route_getway_group` VALUES (4, 1, 1, 7, 4);
INSERT INTO `cc_route_getway_group` VALUES (5, 1, 1, 5, 5);
INSERT INTO `cc_route_getway_group` VALUES (12, 1638933705, 0, 1, 8);
INSERT INTO `cc_route_getway_group` VALUES (13, 1638933705, 0, 2, 8);
INSERT INTO `cc_route_getway_group` VALUES (14, 1638933705, 0, 3, 8);
INSERT INTO `cc_route_getway_group` VALUES (24, 1638933719, 0, 1, 7);
INSERT INTO `cc_route_getway_group` VALUES (25, 1638933719, 0, 2, 7);
INSERT INTO `cc_route_getway_group` VALUES (26, 1638933719, 0, 3, 7);
COMMIT;

-- ----------------------------
-- Table structure for cc_route_group
-- ----------------------------
DROP TABLE IF EXISTS `cc_route_group`;
CREATE TABLE `cc_route_group` (
  `id` bigint NOT NULL AUTO_INCREMENT COMMENT 'PK',
  `cts` bigint NOT NULL DEFAULT '0' COMMENT '创建时间',
  `uts` bigint NOT NULL DEFAULT '0' COMMENT '修改时间',
  `route_group` varchar(255) NOT NULL DEFAULT '' COMMENT '网关组',
  `status` int NOT NULL DEFAULT '1' COMMENT '状态',
  PRIMARY KEY (`id`)
) ENGINE=InnoDB AUTO_INCREMENT=9 DEFAULT CHARSET=utf8mb4 COLLATE=utf8mb4_0900_ai_ci COMMENT='网关组';

-- ----------------------------
-- Records of cc_route_group
-- ----------------------------
BEGIN;
INSERT INTO `cc_route_group` VALUES (1, 1, 1, '87路由', 1);
INSERT INTO `cc_route_group` VALUES (2, 1, 1, '133路由', 1);
INSERT INTO `cc_route_group` VALUES (3, 1, 1, '871556590425003', 1);
INSERT INTO `cc_route_group` VALUES (4, 1, 1, '18899998887', 1);
INSERT INTO `cc_route_group` VALUES (5, 1, 1, '144路由', 1);
INSERT INTO `cc_route_group` VALUES (7, 0, 1638933719, '网关组2', 1);
INSERT INTO `cc_route_group` VALUES (8, 0, 0, '网关组1', 1);
COMMIT;

-- ----------------------------
-- Table structure for cc_schedule_config
-- ----------------------------
DROP TABLE IF EXISTS `cc_schedule_config`;
CREATE TABLE `cc_schedule_config` (
  `id` bigint NOT NULL AUTO_INCREMENT COMMENT 'PK',
  `cts` bigint NOT NULL DEFAULT '0' COMMENT '创建时间',
  `uts` bigint NOT NULL DEFAULT '0' COMMENT '修改时间',
  `company_id` bigint NOT NULL DEFAULT '0' COMMENT '企业ID',
  `name` varchar(20) NOT NULL DEFAULT '' COMMENT '日程名称',
  `level_value` int NOT NULL DEFAULT '1' COMMENT '优先级',
  `type` int NOT NULL DEFAULT '1' COMMENT '1:指定时间,2:相对时间',
  `start_day` varchar(20) NOT NULL DEFAULT '' COMMENT '开始日期',
  `end_day` varchar(20) NOT NULL DEFAULT '' COMMENT '结束日期',
  `start_time` varchar(20) NOT NULL DEFAULT '' COMMENT '开始时间',
  `end_time` varchar(20) NOT NULL DEFAULT '' COMMENT '结束时间',
  `mon` int NOT NULL DEFAULT '1' COMMENT '周一',
  `tue` int NOT NULL DEFAULT '1' COMMENT '周二',
  `wed` int NOT NULL DEFAULT '1' COMMENT '周三',
  `thu` int NOT NULL DEFAULT '1' COMMENT '周四',
  `fri` int NOT NULL DEFAULT '1' COMMENT '周五',
  `sat` int NOT NULL DEFAULT '1' COMMENT '周六',
  `sun` int NOT NULL DEFAULT '1' COMMENT '周天',
  `status` int NOT NULL DEFAULT '1' COMMENT '状态',
  PRIMARY KEY (`id`)
) ENGINE=InnoDB AUTO_INCREMENT=3 DEFAULT CHARSET=utf8mb4 COLLATE=utf8mb4_0900_ai_ci COMMENT='日程表';

-- ----------------------------
-- Records of cc_schedule_config
-- ----------------------------
BEGIN;
INSERT INTO `cc_schedule_config` VALUES (1, 1, 1, 1, '全天日程', 3, 1, '2020-12-01', '2020-12-30', '', '', 1, 1, 1, 1, 1, 1, 1, 1);
INSERT INTO `cc_schedule_config` VALUES (2, 2, 2, 1, '上班时间', 2, 1, '2020-12-01', '2020-12-30', '09:00:00', '18:00:00', 1, 1, 1, 1, 1, 0, 0, 1);
COMMIT;

-- ----------------------------
-- Table structure for cc_skill
-- ----------------------------
DROP TABLE IF EXISTS `cc_skill`;
CREATE TABLE `cc_skill` (
  `id` bigint NOT NULL AUTO_INCREMENT COMMENT 'PK',
  `cts` bigint NOT NULL DEFAULT '0' COMMENT '创建时间',
  `uts` bigint NOT NULL DEFAULT '0' COMMENT '修改时间',
  `name` varchar(255) NOT NULL DEFAULT '' COMMENT '名称',
  `remark` varchar(255) NOT NULL DEFAULT '' COMMENT '备注',
  `company_id` bigint NOT NULL DEFAULT '0' COMMENT '企业id',
  `status` int NOT NULL DEFAULT '1' COMMENT '状态',
  PRIMARY KEY (`id`) USING BTREE,
  UNIQUE KEY `uniq_skill_name` (`company_id`,`name`)
) ENGINE=InnoDB AUTO_INCREMENT=5 DEFAULT CHARSET=utf8mb4 COLLATE=utf8mb4_0900_ai_ci COMMENT='技能表';

-- ----------------------------
-- Records of cc_skill
-- ----------------------------
BEGIN;
INSERT INTO `cc_skill` VALUES (1, 1, 1639056370, '呼入技能', '呼入技能1', 1, 1);
INSERT INTO `cc_skill` VALUES (2, 1639032157, 1639032819, '外呼技1212能-delrfyvZp', '手动外呼技能了', 1, 0);
INSERT INTO `cc_skill` VALUES (3, 1639032213, 1639032213, '手动外呼技能-delnYpkua', '手动外呼技能了', 1, 0);
INSERT INTO `cc_skill` VALUES (4, 1639051395, 1639051395, '外呼技能', '外呼技能', 1, 1);
COMMIT;

-- ----------------------------
-- Table structure for cc_skill_agent
-- ----------------------------
DROP TABLE IF EXISTS `cc_skill_agent`;
CREATE TABLE `cc_skill_agent` (
  `id` bigint NOT NULL AUTO_INCREMENT COMMENT 'PK',
  `cts` bigint NOT NULL DEFAULT '0' COMMENT '创建时间',
  `uts` bigint NOT NULL DEFAULT '0' COMMENT '修改时间',
  `company_id` bigint NOT NULL DEFAULT '0' COMMENT '企业id',
  `skill_id` bigint NOT NULL DEFAULT '0' COMMENT '技能id',
  `agent_id` bigint NOT NULL DEFAULT '0' COMMENT '坐席id',
  `rank_value` int NOT NULL DEFAULT '0' COMMENT '范围',
  `status` int NOT NULL DEFAULT '1' COMMENT '状态',
  PRIMARY KEY (`id`) USING BTREE,
  KEY `id` (`id`) USING BTREE
) ENGINE=InnoDB AUTO_INCREMENT=16 DEFAULT CHARSET=utf8mb4 COLLATE=utf8mb4_0900_ai_ci COMMENT='坐席技能表';

-- ----------------------------
-- Records of cc_skill_agent
-- ----------------------------
BEGIN;
INSERT INTO `cc_skill_agent` VALUES (12, 1639054899, 1639056313, 1, 1, 1, 111, 1);
INSERT INTO `cc_skill_agent` VALUES (13, 1639054899, 0, 1, 1, 2, 1, 1);
INSERT INTO `cc_skill_agent` VALUES (14, 1639054899, 0, 1, 1, 3, 1, 1);
INSERT INTO `cc_skill_agent` VALUES (15, 1639054899, 0, 1, 1, 4, 1, 1);
COMMIT;

-- ----------------------------
-- Table structure for cc_skill_group
-- ----------------------------
DROP TABLE IF EXISTS `cc_skill_group`;
CREATE TABLE `cc_skill_group` (
  `id` bigint NOT NULL AUTO_INCREMENT COMMENT 'PK',
  `cts` bigint NOT NULL DEFAULT '0' COMMENT '创建时间',
  `uts` bigint NOT NULL DEFAULT '0' COMMENT '修改时间',
  `company_id` bigint NOT NULL DEFAULT '0' COMMENT '企业ID',
  `level_value` int NOT NULL DEFAULT '1',
  `skill_id` bigint NOT NULL DEFAULT '0' COMMENT '技能ID',
  `group_id` bigint NOT NULL DEFAULT '0' COMMENT '技能组ID',
  `rank_type` int NOT NULL DEFAULT '1' COMMENT '等级类型(1:全部,2:等于,3:>,4:<,5:介于)',
  `rank_value_start` int NOT NULL DEFAULT '0' COMMENT '介于的开始值',
  `rank_value` int NOT NULL DEFAULT '1' COMMENT '等级值',
  `match_type` int NOT NULL DEFAULT '1' COMMENT '匹配规则(1:低到高,2:高到低)',
  `share_value` int NOT NULL DEFAULT '100' COMMENT '占用率',
  `status` int NOT NULL DEFAULT '0' COMMENT '状态',
  PRIMARY KEY (`id`) USING BTREE,
  KEY `idx_group_id` (`group_id`) USING BTREE,
  KEY `id` (`id`) USING BTREE
) ENGINE=InnoDB AUTO_INCREMENT=2 DEFAULT CHARSET=utf8mb4 COLLATE=utf8mb4_0900_ai_ci COMMENT='技能组技能表';

-- ----------------------------
-- Records of cc_skill_group
-- ----------------------------
BEGIN;
INSERT INTO `cc_skill_group` VALUES (1, 1639063337, 0, 1, 100, 1, 25, 1, 0, 0, 1, 100, 1);
COMMIT;

-- ----------------------------
-- Table structure for cc_stat_hour_agent_work
-- ----------------------------
DROP TABLE IF EXISTS `cc_stat_hour_agent_work`;
CREATE TABLE `cc_stat_hour_agent_work` (
  `id` bigint NOT NULL AUTO_INCREMENT COMMENT 'PK',
  `cts` bigint NOT NULL DEFAULT '0' COMMENT 'cts',
  `company_id` bigint NOT NULL DEFAULT '0' COMMENT '企业id',
  `agent_key` varchar(255) NOT NULL DEFAULT '' COMMENT '坐席编号',
  `agent_name` varchar(255) NOT NULL DEFAULT '' COMMENT '坐席名称',
  `state_time` bigint NOT NULL DEFAULT '0' COMMENT '统计时间',
  `login_time` bigint NOT NULL DEFAULT '0' COMMENT '登录总时长',
  `ready_time` bigint NOT NULL DEFAULT '0' COMMENT '空闲总时长',
  `not_ready_time` bigint NOT NULL DEFAULT '0' COMMENT '忙碌总时长',
  `busy_time` bigint NOT NULL DEFAULT '0' COMMENT '自定义忙碌总时间',
  `after_time` bigint NOT NULL DEFAULT '0' COMMENT '话后总时长',
  `talk_time` bigint NOT NULL DEFAULT '0' COMMENT '通话总时长',
  `status` int NOT NULL DEFAULT '1' COMMENT '状态',
  PRIMARY KEY (`id`),
  UNIQUE KEY `uniq_idx_state_agenthourwork_agent` (`state_time`,`agent_key`),
  FULLTEXT KEY `idx_state_agenthourwork_agent` (`agent_key`)
) ENGINE=InnoDB AUTO_INCREMENT=14 DEFAULT CHARSET=utf8mb3;

-- ----------------------------
-- Records of cc_stat_hour_agent_work
-- ----------------------------
BEGIN;
INSERT INTO `cc_stat_hour_agent_work` VALUES (1, 1638288000, 1, '1001@test', '测试坐席', 1638284400, 3398352, 945226, 1625934, 0, 0, 0, 1);
INSERT INTO `cc_stat_hour_agent_work` VALUES (2, 1638324000, 1, '1001@test', '测试坐席', 1638320400, 8797659, 3094, 1132809, 0, 297605, 200710, 1);
INSERT INTO `cc_stat_hour_agent_work` VALUES (3, 1638327600, 1, '1001@test', '测试坐席', 1638324000, 825899, 5700, 49064, 0, 810627, 69116, 1);
INSERT INTO `cc_stat_hour_agent_work` VALUES (4, 1638334800, 1, '1001@test', '测试坐席', 1638331200, -1638320691838, 5539, 24628, 0, 1702903, 108554, 1);
INSERT INTO `cc_stat_hour_agent_work` VALUES (7, 1638892800, 1, '1001@test', '测试坐席', 1638889200, -1638884401680, 85043, 30388, 0, 0, 0, 1);
INSERT INTO `cc_stat_hour_agent_work` VALUES (8, 1638896400, 1, '1001@test', '测试坐席', 1638892800, 1478026, 736, 6384, 0, 102394, 31633, 1);
INSERT INTO `cc_stat_hour_agent_work` VALUES (9, 1638928800, 1, '1001@test', '测试坐席', 1638925200, 2308814, 679, 168445, 0, 0, 0, 1);
INSERT INTO `cc_stat_hour_agent_work` VALUES (10, 1638932400, 1, '1001@test', '测试坐席', 1638928800, 6170386, 382, 6702, 0, 982338, 31674, 1);
INSERT INTO `cc_stat_hour_agent_work` VALUES (11, 1638936000, 1, '1001@test', '测试坐席', 1638932400, 3598837, 413, 3882, 0, 4542175, 31206, 1);
INSERT INTO `cc_stat_hour_agent_work` VALUES (12, 1638939600, 1, '1001@test', '测试坐席', 1638936000, 157760, 0, 0, 0, 1301250, 0, 1);
INSERT INTO `cc_stat_hour_agent_work` VALUES (13, 1638943200, 1, '1001@test', '测试坐席', 1638939600, 3203016, 1182, 17664, 0, 532605, 80323, 1);
COMMIT;

-- ----------------------------
-- Table structure for cc_station
-- ----------------------------
DROP TABLE IF EXISTS `cc_station`;
CREATE TABLE `cc_station` (
  `id` bigint NOT NULL AUTO_INCREMENT COMMENT 'PK',
  `cts` bigint NOT NULL DEFAULT '0' COMMENT '创建时间',
  `uts` bigint NOT NULL DEFAULT '0' COMMENT '修改时间',
  `application_id` int NOT NULL DEFAULT '0' COMMENT '应用id',
  `application_type` int NOT NULL DEFAULT '0' COMMENT '服务类型',
  `application_group` varchar(255) CHARACTER SET utf8mb4 COLLATE utf8mb4_0900_ai_ci NOT NULL DEFAULT '' COMMENT '服务所在的组',
  `application_host` varchar(255) CHARACTER SET utf8mb4 COLLATE utf8mb4_0900_ai_ci NOT NULL DEFAULT '' COMMENT '服务ip地址',
  `application_port` int NOT NULL DEFAULT '0' COMMENT 'http服务端口',
  `username` varchar(255) NOT NULL DEFAULT '',
  `pwd` varchar(255) NOT NULL DEFAULT '',
  `status` int NOT NULL DEFAULT '1' COMMENT '状态',
  PRIMARY KEY (`id`)
) ENGINE=InnoDB AUTO_INCREMENT=7 DEFAULT CHARSET=utf8mb4 COLLATE=utf8mb4_0900_ai_ci COMMENT='站点类型配置信息';

-- ----------------------------
-- Records of cc_station
-- ----------------------------
BEGIN;
INSERT INTO `cc_station` VALUES (1, 1, 1, 1000, 1, 'cc-a', '110.40.188.252', 7100, '', '', 1);
INSERT INTO `cc_station` VALUES (2, 2, 2, 2000, 2, 'cc-a', '110.40.188.252', 7200, '', '', 1);
INSERT INTO `cc_station` VALUES (3, 1, 1, 3000, 3, 'cc-a', '110.40.188.252', 7300, '', '', 1);
INSERT INTO `cc_station` VALUES (4, 1, 1, 4000, 4, 'cc-a', '110.40.188.252', 7400, '', 'zhongweixian@gmail.com', 1);
INSERT INTO `cc_station` VALUES (5, 1, 1, 2100, 2, 'cc-a', '110.40.188.252', 7300, '', '', 1);
INSERT INTO `cc_station` VALUES (6, 0, 0, 0, 0, '', '', 0, '', '', 1);
COMMIT;

-- ----------------------------
-- Table structure for cc_vdn_code
-- ----------------------------
DROP TABLE IF EXISTS `cc_vdn_code`;
CREATE TABLE `cc_vdn_code` (
  `id` bigint NOT NULL AUTO_INCREMENT COMMENT 'PK',
  `cts` bigint NOT NULL DEFAULT '0' COMMENT '创建时间',
  `uts` bigint NOT NULL DEFAULT '0' COMMENT '修改时间',
  `company_id` bigint NOT NULL DEFAULT '0' COMMENT '企业ID',
  `name` varchar(255) NOT NULL DEFAULT '' COMMENT 'vdn名称',
  `status` int NOT NULL DEFAULT '1' COMMENT '状态',
  PRIMARY KEY (`id`)
) ENGINE=InnoDB AUTO_INCREMENT=5 DEFAULT CHARSET=utf8mb4 COLLATE=utf8mb4_0900_ai_ci COMMENT='呼入路由表';

-- ----------------------------
-- Records of cc_vdn_code
-- ----------------------------
BEGIN;
INSERT INTO `cc_vdn_code` VALUES (3, 3, 3, 1, '01011515901', 1);
INSERT INTO `cc_vdn_code` VALUES (4, 4, 4, 1, '01011515902', 1);
COMMIT;

-- ----------------------------
-- Table structure for cc_vdn_phone
-- ----------------------------
DROP TABLE IF EXISTS `cc_vdn_phone`;
CREATE TABLE `cc_vdn_phone` (
  `id` bigint NOT NULL AUTO_INCREMENT COMMENT 'PK',
  `cts` bigint NOT NULL DEFAULT '0' COMMENT '创建时间',
  `uts` bigint NOT NULL DEFAULT '0' COMMENT '修改时间',
  `company_id` bigint NOT NULL DEFAULT '0' COMMENT '企业ID',
  `vdn_id` bigint NOT NULL DEFAULT '0' COMMENT '路由码',
  `phone` varchar(20) NOT NULL DEFAULT '' COMMENT '特服号',
  `status` int NOT NULL DEFAULT '1' COMMENT '状态',
  PRIMARY KEY (`id`),
  UNIQUE KEY `uni_idx_phone` (`vdn_id`,`company_id`) USING BTREE
) ENGINE=InnoDB AUTO_INCREMENT=5 DEFAULT CHARSET=utf8mb4 COLLATE=utf8mb4_0900_ai_ci COMMENT='路由号码表';

-- ----------------------------
-- Records of cc_vdn_phone
-- ----------------------------
BEGIN;
INSERT INTO `cc_vdn_phone` VALUES (3, 1, 1, 1, 3, '01011515901', 1);
INSERT INTO `cc_vdn_phone` VALUES (4, 1, 1, 1, 4, '01011515902', 1);
COMMIT;

-- ----------------------------
-- Table structure for cc_vdn_schedule
-- ----------------------------
DROP TABLE IF EXISTS `cc_vdn_schedule`;
CREATE TABLE `cc_vdn_schedule` (
  `id` bigint NOT NULL AUTO_INCREMENT COMMENT 'PK',
  `cts` bigint NOT NULL DEFAULT '0' COMMENT '创建时间',
  `uts` bigint NOT NULL DEFAULT '0' COMMENT '修改时间',
  `company_id` bigint NOT NULL DEFAULT '0' COMMENT '企业ID',
  `name` varchar(255) NOT NULL DEFAULT '' COMMENT '子码日程',
  `vdn_id` bigint NOT NULL DEFAULT '0' COMMENT 'vdn_id',
  `schedule_id` bigint NOT NULL DEFAULT '0' COMMENT '日程id',
  `route_type` int NOT NULL DEFAULT '1' COMMENT '路由类型(1:技能组,2:放音,3:ivr,4:坐席,5:外呼)',
  `route_value` varchar(255) NOT NULL DEFAULT '0' COMMENT '路由类型值',
  `play_type` int NOT NULL DEFAULT '0' COMMENT '放音类型(1:按键导航,2:技能组,3:ivr,4:路由字码,5:挂机)',
  `play_value` bigint NOT NULL DEFAULT '0' COMMENT '放音类型对应值',
  `dtmf_end` varchar(255) NOT NULL DEFAULT '*' COMMENT '结束音',
  `retry` int NOT NULL DEFAULT '1' COMMENT '重复播放次数',
  `dtmf_max` int NOT NULL DEFAULT '1' COMMENT '最大收键长度',
  `dtmf_min` int NOT NULL DEFAULT '1' COMMENT '最小收键长度',
  `status` int NOT NULL DEFAULT '1' COMMENT '状态',
  PRIMARY KEY (`id`)
) ENGINE=InnoDB AUTO_INCREMENT=6 DEFAULT CHARSET=utf8mb4 COLLATE=utf8mb4_0900_ai_ci COMMENT='路由字码表';

-- ----------------------------
-- Records of cc_vdn_schedule
-- ----------------------------
BEGIN;
INSERT INTO `cc_vdn_schedule` VALUES (1, 1, 1, 1, '呼入转技能组', 1, 1, 1, '1', 1, 0, '*', 1, 1, 1, 1);
INSERT INTO `cc_vdn_schedule` VALUES (2, 2, 2, 1, '上班转技能组', 2, 1, 1, '1', 1, 0, '*', 1, 1, 1, 1);
INSERT INTO `cc_vdn_schedule` VALUES (3, 3, 3, 1, '按键导航', 2, 2, 2, '1', 1, 1, '*', 1, 1, 1, 1);
INSERT INTO `cc_vdn_schedule` VALUES (4, 4, 4, 1, '按键导航', 3, 1, 2, '1', 1, 1, '*', 2, 3, 3, 1);
INSERT INTO `cc_vdn_schedule` VALUES (5, 5, 5, 1, '进技能组', 4, 1, 1, '1', 1, 1, '*', 1, 1, 1, 1);
COMMIT;

-- ----------------------------
-- Table structure for cc_vdn_schedule_dtmf
-- ----------------------------
DROP TABLE IF EXISTS `cc_vdn_schedule_dtmf`;
CREATE TABLE `cc_vdn_schedule_dtmf` (
  `id` bigint NOT NULL AUTO_INCREMENT COMMENT 'PK',
  `cts` bigint NOT NULL DEFAULT '0' COMMENT '创建时间',
  `uts` bigint NOT NULL DEFAULT '0' COMMENT '修改时间',
  `company_id` bigint NOT NULL DEFAULT '0' COMMENT '企业ID',
  `navigate_id` bigint NOT NULL DEFAULT '0' COMMENT '按键导航ID',
  `dtmf` varchar(20) NOT NULL DEFAULT '1' COMMENT '按键',
  `route_type` int NOT NULL DEFAULT '0' COMMENT '路由类型(1:技能组,2:IVR,3:路由字码,4:坐席分机,5:挂机)',
  `route_value` bigint NOT NULL DEFAULT '0' COMMENT '路由值',
  `status` int DEFAULT '1' COMMENT '状态',
  PRIMARY KEY (`id`)
) ENGINE=InnoDB DEFAULT CHARSET=utf8mb4 COLLATE=utf8mb4_0900_ai_ci COMMENT='按键导航表';

-- ----------------------------
-- Records of cc_vdn_schedule_dtmf
-- ----------------------------
BEGIN;
COMMIT;

SET FOREIGN_KEY_CHECKS = 1;
